model name,price,spec score,processor,storage,battery,display features,camera
Motorola Edge 40 Neo,"₹22,999",83,"Dimensity 7030, Octa Core, 2.5 Ghz Processor","8 Gb Ram, 128 Gb Inbuilt",5000 Mah Battery With 68W Fast Charging,"6.55 Inches, 1080 X 2400 Px, 144 Hz Display With Punch Hole",50 MP + 13 MP Dual Rear & 32 MP Front Camera
Motorola Moto G54 5G,"₹13,999",84,"Dimensity 7020, Octa Core, 2.2 Ghz Processor","8 Gb Ram, 128 Gb Inbuilt",6000 Mah Battery With 33W Fast Charging,"6.5 Inches, 1080 X 2400 Px, 120 Hz Display With Punch Hole",50 MP + 8 MP Dual Rear & 16 MP Front Camera
Oppo Reno 8T,"₹27,990",86,"Snapdragon 695, Octa Core, 2.2 Ghz Processor","8 Gb Ram, 128 Gb Inbuilt",4800 Mah Battery With 67W Fast Charging,"6.7 Inches, 1080 X 2412 Px, 120 Hz Display With Punch Hole",108 MP + 2 MP + 2 MP Triple Rear & 32 MP Front Camera
Samsung Galaxy A73 5G (8Gb Ram + 256Gb),"₹19,439",79,"Snapdragon 778G, Octa Core, 2.4 Ghz Processor","8 Gb Ram, 256 Gb Inbuilt",5000 Mah Battery With 25W Fast Charging,"6.7 Inches, 1080 X 2400 Px, 120 Hz Display With Punch Hole",108 MP Quad Rear & 32 MP Front Camera
Oneplus Nord Ce 3 5G,"₹25,099",84,"Snapdragon  782G, Octa Core, 2.7 Ghz Processor","8 Gb Ram, 128 Gb Inbuilt",5000 Mah Battery With 80W Fast Charging,"6.7 Inches, 1080 X 2412 Px, 120 Hz Display With Punch Hole",50 MP + 8 MP + 2 MP Triple Rear & 16 MP Front Camera
Motorola Moto G54 5G (12Gb Ram +256Gb),"₹15,999",85,"Dimensity 7020, Octa Core, 2.2 Ghz Processor","12 Gb Ram, 256 Gb Inbuilt",6000 Mah Battery With 33W Fast Charging,"6.5 Inches, 1080 X 2400 Px, 120 Hz Display With Punch Hole",50 MP + 8 MP Dual Rear & 16 MP Front Camera
Vivo T2 Pro 5G,"₹23,999",81,"Dimensity 7200, Octa Core, 2.8 Ghz Processor","8 Gb Ram, 128 Gb Inbuilt",4600 Mah Battery With 66W Fast Charging,"6.78 Inches, 1080 X 2400 Px, 120 Hz Display With Punch Hole",64 MP + 2 MP Dual Rear & 16 MP Front Camera
Xiaomi Redmi 12 5G,"₹11,999",75,"Snapdragon 4 Gen2, Octa Core, 2.2 Ghz Processor","4 Gb Ram, 128 Gb Inbuilt",5000 Mah Battery With 18W Fast Charging,"6.79 Inches, 1080 X 2460 Px, 90 Hz Display With Punch Hole",50 MP + 2 MP Dual Rear & 8 MP Front Camera
Motorola Edge 40 Neo (12Gb Ram + 256Gb),"₹24,999",85,"Dimensity 7030, Octa Core, 2.5 Ghz Processor","12 Gb Ram, 256 Gb Inbuilt",5000 Mah Battery With 68W Fast Charging,"6.55 Inches, 1080 X 2400 Px, 144 Hz Display With Punch Hole",50 MP + 13 MP Dual Rear & 32 MP Front Camera
Oneplus Nord Ce 3 Lite 5G,"₹19,722",85,"Snapdragon 695 5G, Octa Core, 2.2 Ghz Processor","8 Gb Ram, 128 Gb Inbuilt",5000 Mah Battery With 67W Fast Charging,"6.72 Inches, 1080 X 2400 Px, 120 Hz Display With Punch Hole",108 MP + 2 MP + 2 MP Triple Rear & 16 MP Front Camera
Vivo V29,"₹31,865",85,"Snapdragon 778G, Octa Core, 2.4 Ghz Processor","8 Gb Ram, 128 Gb Inbuilt",4600 Mah Battery With 80W Fast Charging,"6.78 Inches, 1260 X 2800 Px, 120 Hz Display With Punch Hole",50 MP + 8 MP + 2 MP Triple Rear & 50 MP Front Camera
Samsung Galaxy F54,"₹24,385",89,"Exynos 1380, Octa Core, 2.4 Ghz Processor","8 Gb Ram, 256 Gb Inbuilt",6000 Mah Battery With 25W Fast Charging,"6.7 Inches, 1080 X 2408 Px, 120 Hz Display With Punch Hole",108 MP + 8 MP + 2 MP Triple Rear & 32 MP Front Camera
Realme Narzo 60 5G,"₹14,999",82,"Dimensity 6020, Octa Core, 2.2 Ghz Processor","8 Gb Ram, 128 Gb Inbuilt",5000 Mah Battery With 33W Fast Charging,"6.43 Inches, 1080 X 2400 Px, 90 Hz Display With Punch Hole",64 MP + 2 MP Dual Rear & 16 MP Front Camera
Vivo T2X 5G (6Gb Ram + 128Gb),"₹12,999",78,"Dimensity 6020, Octa Core, 2.2 Ghz Processor","6 Gb Ram, 128 Gb Inbuilt",5000 Mah Battery With 18W Fast Charging,"6.58 Inches, 1080 X 2408 Px Display With Water Drop Notch",50 MP + 2 MP Dual Rear & 8 MP Front Camera
Samsung Galaxy S21 Fe 5G,"₹30,999",87,"Exynos  2100, Octa Core, 2.9 Ghz Processor","8 Gb Ram, 128 Gb Inbuilt",4500 Mah Battery With 25W Fast Charging,"6.4 Inches, 1080 X 2340 Px, 120 Hz Display With Punch Hole",12 MP + 12 MP + 8 MP Triple Rear & 32 MP Front Camera
Motorola Edge 40 5G,"₹26,999",87,"Dimensity 8020, Octa Core, 2.6 Ghz Processor","8 Gb Ram, 256 Gb Inbuilt",4400 Mah Battery With 68W Fast Charging,"6.55 Inches, 1080 X 2400 Px, 144 Hz Display",50 MP + 13 MP Dual Rear & 32 MP Front Camera
Xiaomi Redmi 12 5G (8Gb Ram + 256Gb),"₹14,999",80,"Snapdragon 4 Gen2, Octa Core, 2.2 Ghz Processor","8 Gb Ram, 256 Gb Inbuilt",5000 Mah Battery With 18W Fast Charging,"6.79 Inches, 1080 X 2460 Px, 90 Hz Display With Punch Hole",50 MP + 2 MP Dual Rear & 8 MP Front Camera
Xiaomi Redmi 11 Prime (6Gb Ram + 128Gb),"₹5,039",76,"Helio G99, Octa Core, 2.2 Ghz Processor","6 Gb Ram, 128 Gb Inbuilt",5000 Mah Battery With 18W Fast Charging,"6.58 Inches, 1080 X 2400 Px, 90 Hz Display With Water Drop Notch",50 MP + 2 MP + 2 MP Triple Rear & 8 MP Front Camera
Realme 11X 5G,"₹13,499",79,"Dimensity 6100 Plus, Octa Core, 2.2 Ghz Processor","6 Gb Ram, 128 Gb Inbuilt",5000 Mah Battery With 33W Fast Charging,"6.72 Inches, 1080 X 2400 Px, 120 Hz Display With Punch Hole",64 MP + 2 MP Dual Rear & 8 MP Front Camera
Vivo Y200 5G,"₹21,999",81,"Snapdragon 4 Gen1, Octa Core, 2 Ghz Processor","8 Gb Ram, 128 Gb Inbuilt",4800 Mah Battery With 44W Fast Charging,"6.67 Inches, 1080 X 2400 Px, 120 Hz Display With Punch Hole",64 MP + 2 MP Dual Rear & 16 MP Front Camera
Realme 10 Pro (8Gb Ram + 128Gb),"₹19,999",84,"Snapdragon 695, Octa Core, 2.2 Ghz Processor","8 Gb Ram, 128 Gb Inbuilt",5000 Mah Battery With 33W Fast Charging,"6.72 Inches, 1080 X 2400 Px, 120 Hz Display With Punch Hole",108 MP + 2 MP Dual Rear & 16 MP Front Camera
Poco M6 Pro 5G,"₹9,999",74,"Snapdragon 4 Gen2, Octa Core, 2.2 Ghz Processor","4 Gb Ram, 64 Gb Inbuilt",5000 Mah Battery With 18W Fast Charging,"6.79 Inches, 1080 X 2460 Px, 90 Hz Display With Punch Hole",50 MP + 2 MP Dual Rear & 8 MP Front Camera
Realme 11 Pro Plus,"₹25,999",87,"Dimensity 7050, Octa Core, 2.6 Ghz Processor","8 Gb Ram, 256 Gb Inbuilt",5000 Mah Battery With 100W Fast Charging,"6.7 Inches, 1080 X 2412 Px, 120 Hz Display With Punch Hole",200 MP + 8 MP + 2 MP Triple Rear & 32 MP Front Camera
Infinix Note 30 5G (8Gb Ram + 256Gb),"₹14,699",87,"Dimensity 6080, Octa Core, 2.4 Ghz Processor","8 Gb Ram, 256 Gb Inbuilt",5000 Mah Battery With 45W Fast Charging,"6.78 Inches, 1080 X 2460 Px, 120 Hz Display With Punch Hole",108 MP + 2 MP Triple Rear & 16 MP Front Camera
Motorola Moto G84 5G,"₹18,999",86,"Snapdragon 695, Octa Core, 2.2 Ghz Processor","12 Gb Ram, 256 Gb Inbuilt",5000 Mah Battery With 30W Fast Charging,"6.55 Inches, 1080 X 2400 Px, 120 Hz Display With Punch Hole",50 MP + 8 MP Dual Rear & 16 MP Front Camera
Xiaomi Redmi 12 5G (6Gb Ram + 128Gb),"₹12,999",77,"Snapdragon 4 Gen2, Octa Core, 2.2 Ghz Processor","6 Gb Ram, 128 Gb Inbuilt",5000 Mah Battery With 18W Fast Charging,"6.79 Inches, 1080 X 2460 Px, 90 Hz Display With Punch Hole",50 MP + 2 MP Dual Rear & 8 MP Front Camera
Realme 11 Pro,"₹21,999",83,"Dimensity 7050, Octa Core, 2.6 Ghz Processor","8 Gb Ram, 128 Gb Inbuilt",5000 Mah Battery With 67W Fast Charging,"6.7 Inches, 1080 X 2412 Px, 120 Hz Display With Punch Hole",100 MP + 2 MP Dual Rear & 16 MP Front Camera
Samsung Galaxy M34 5G,"₹16,499",82,"Exynos 1280 , Octa Core, 2.4 Ghz Processor","6 Gb Ram, 128 Gb Inbuilt",6000 Mah Battery With 25W Fast Charging,"6.5 Inches, 1080 X 2340 Px, 120 Hz Display With Water Drop Notch",50 MP + 8 MP + 2 MP Triple Rear & 13 MP Front Camera
Samsung Galaxy S22 Ultra 5G,"₹82,900",79,"Snapdragon  8 Gen1, Octa Core, 3 Ghz Processor","12 Gb Ram, 256 Gb Inbuilt",5000 Mah Battery With 45W Fast Charging,"6.8 Inches, 1440 X 3080 Px, 120 Hz Display With Punch Hole",108 MP Quad Rear & 40 MP Front Camera
Apple Iphone 14,"₹56,999",80,"Bionic A15, Hexa Core, 3.22 Ghz Processor","6 Gb Ram, 128 Gb Inbuilt",3279 Mah Battery With Fast Charging,"6.1 Inches, 1170 X 2532 Px Display With Small Notch",12 MP + 12 MP Dual Rear & 12 MP Front Camera
Samsung Galaxy M14 (6Gb Ram + 128Gb),"₹12,990",79,"Exynos 1330, Octa Core, 2.4 Ghz Processor","6 Gb Ram, 128 Gb Inbuilt",6000 Mah Battery With 25W Fast Charging,"6.6 Inches, 1080 X 2408 Px, 90 Hz Display With Water Drop Notch",50 MP + 2 MP + 2 MP Triple Rear & 13 MP Front Camera
Iqoo Z7 Pro 5G,"₹23,999",80,"Dimensity 7200, Octa Core, 2.8 Ghz Processor","8 Gb Ram, 128 Gb Inbuilt",4600 Mah Battery With 66W Fast Charging,"6.78 Inches, 1080 X 2400 Px, 120 Hz Display With Punch Hole",64 MP + 2 MP Dual Rear & 16 MP Front Camera
Jio Jiophone Prima 4G,"₹2,599",79,No Wifi,"512 Mb Ram, 4 Gb Inbuilt",1800 Mah Battery,"2.4 Inches, 240 X 320 Px Display",0.3 MP Rear & 0.3 MP Front Camera
Oneplus 11R 5G,"₹39,499",85,"Snapdragon 8+ Gen1, Octa Core, 3.2 Ghz Processor","8 Gb Ram, 128 Gb Inbuilt",5000 Mah Battery With 100W Fast Charging,"6.74 Inches, 1240 X 2772 Px, 120 Hz Display With Punch Hole",50 MP + 8 MP + 2 MP Triple Rear & 16 MP Front Camera
Oppo Reno 10,"₹31,980",88,"Dimensity 7050, Octa Core, 2.6 Ghz Processor","8 Gb Ram, 256 Gb Inbuilt",5000 Mah Battery With 67W Fast Charging,"6.7 Inches, 1080 X 2412 Px, 120 Hz Display With Punch Hole",64 MP + 32 MP + 8 MP Triple Rear & 32 MP Front Camera
Vivo V29E,"₹25,749",85,"Snapdragon  695, Octa Core, 2.2 Ghz Processor","8 Gb Ram, 128 Gb Inbuilt",5000 Mah Battery With 44W Fast Charging,"6.78 Inches, 1080 X 2400 Px, 120 Hz Display With Punch Hole",64 MP + 8 MP Dual Rear & 50 MP Front Camera
Xiaomi Redmi 11 Prime 5G,"₹6,239",74,"Dimensity 700 5G, Octa Core, 2.2 Ghz Processor","4 Gb Ram, 64 Gb Inbuilt",5000 Mah Battery With 18W Fast Charging,"6.58 Inches, 1080 X 2408 Px, 90 Hz Display With Water Drop Notch",50 MP + 2 MP Dual Rear & 5 MP Front Camera
Xiaomi Redmi Note 12 Pro 5G,"₹20,999",79,"Dimensity 1080, Octa Core, 2.6 Ghz Processor","6 Gb Ram, 128 Gb Inbuilt",5000 Mah Battery With 67W Fast Charging,"6.67 Inches, 1080 X 2400 Px, 120 Hz Display With Punch Hole",50 MP + 8 MP + 2 MP Triple Rear & 16 MP Front Camera
Oneplus Nord Ce 3 Lite 5G (8Gb Ram + 256Gb),"₹21,714",86,"Snapdragon 695 5G, Octa Core, 2.2 Ghz Processor","8 Gb Ram, 256 Gb Inbuilt",5000 Mah Battery With 67W Fast Charging,"6.72 Inches, 1080 X 2400 Px, 120 Hz Display With Punch Hole",108 MP + 2 MP + 2 MP Triple Rear & 16 MP Front Camera
Oneplus Nord 3 5G,"₹30,579",85,"Dimensity 9000, Octa Core, 3.05 Ghz Processor","8 Gb Ram, 128 Gb Inbuilt",5000 Mah Battery With 80W Fast Charging,"6.74 Inches, 1240 X 2772 Px, 120 Hz Display With Punch Hole",50 MP + 8 MP + 2 MP Triple Rear & 16 MP Front Camera
Realme Narzo 60X,"₹11,749",75,"Dimensity 6100 Plus, Octa Core, 2.2 Ghz Processor","4 Gb Ram, 128 Gb Inbuilt",5000 Mah Battery With 33W Fast Charging,"6.72 Inches, 1080 X 2400 Px, 120 Hz Display With Punch Hole",50 MP + 2 MP Dual Rear & 8 MP Front Camera
Oppo A79 5G,"₹19,490",80,"Dimensity 6020, Octa Core, 2.2 Ghz Processor","8 Gb Ram, 128 Gb Inbuilt",5000 Mah Battery With 33W Fast Charging,"6.72 Inches, 1080 X 2400 Px, 90 Hz Display With Punch Hole",50 MP + 2 MP Dual Rear & 8 MP Front Camera
Vivo T2X 5G,"₹11,999",75,"Dimensity 6020, Octa Core, 2.2 Ghz Processor","4 Gb Ram, 128 Gb Inbuilt",5000 Mah Battery With 18W Fast Charging,"6.58 Inches, 1080 X 2408 Px Display With Water Drop Notch",50 MP + 2 MP Dual Rear & 8 MP Front Camera
Realme 11 5G (8Gb Ram + 256Gb),"₹17,499",84,"Dimensity 6100 Plus, Octa Core, 2.2 Ghz Processor","8 Gb Ram, 256 Gb Inbuilt",5000 Mah Battery With 67W Fast Charging,"6.72 Inches, 1080 X 2400 Px, 120 Hz Display With Punch Hole",108 MP + 2 MP Dual Rear & 16 MP Front Camera
Oppo F21S Pro,"₹10,845",82,"Snapdragon  695, Octa Core, 2.2 Ghz Processor","8 Gb Ram, 128 Gb Inbuilt",4500 Mah Battery With 33W Fast Charging,"6.43 Inches, 1080 X 2400 Px Display With Punch Hole",64 MP + 2 MP + 2 MP Triple Rear & 16 MP Front Camera
Samsung Galaxy S21 Fe (Snapdragon),"₹34,999",88,"Snapdragon 888, Octa Core, 2.84 Ghz Processor","8 Gb Ram, 256 Gb Inbuilt",4500 Mah Battery With 25W Fast Charging,"6.4 Inches, 1080 X 2340 Px, 120 Hz Display With Punch Hole",12 MP + 12 MP + 8 MP Triple Rear & 32 MP Front Camera
Samsung Galaxy S23 Ultra 5G,"₹1,01,350",79,"Snapdragon 8 Gen 2, Octa Core, 3.36 Ghz Processor","12 Gb Ram, 256 Gb Inbuilt",5000 Mah Battery With 45W Fast Charging,"6.8 Inches, 1440 X 3088 Px, 120 Hz Display With Punch Hole",200 MP Quad Rear & 12 MP Front Camera
Oneplus Nord Ce 2 Lite 5G,"₹16,999",81,"Snapdragon 695, Octa Core, 2.2 Ghz Processor","6 Gb Ram, 128 Gb Inbuilt",5000 Mah Battery With 33W Fast Charging,"6.59 Inches, 1080 X 2412 Px, 120 Hz Display With Punch Hole",64 MP + 2 MP + 2 MP Triple Rear & 16 MP Front Camera
Oneplus 11R 5G (18Gb Ram + 512Gb),"₹45,999",88,"Snapdragon 8+ Gen1, Octa Core, 3.2 Ghz Processor","18 Gb Ram, 512 Gb Inbuilt",5000 Mah Battery With 100W Fast Charging,"6.74 Inches, 1240 X 2772 Px, 120 Hz Display With Punch Hole",50 MP + 8 MP + 2 MP Triple Rear & 16 MP Front Camera
Samsung Galaxy S22 5G,"₹39,999",86,"Snapdragon  8 Gen1, Octa Core, 3 Ghz Processor","8 Gb Ram, 128 Gb Inbuilt",3700 Mah Battery With 25W Fast Charging,"6.1 Inches, 1080 X 2340 Px, 120 Hz Display With Punch Hole",50 MP + 12 MP + 10 MP Triple Rear & 10 MP Front Camera
Apple Iphone 13,"₹50,999",78,"Bionic A15, Hexa Core, 3.22 Ghz Processor","4 Gb Ram, 128 Gb Inbuilt",3240 Mah Battery With Fast Charging,"6.1 Inches, 1170 X 2532 Px Display With Small Notch",12 MP + 12 MP Dual Rear & 12 MP Front Camera
Poco F5,"₹23,999",84,"Snapdragon 7+ Gen2, Octa Core, 2.91 Ghz Processor","8 Gb Ram, 256 Gb Inbuilt",5000 Mah Battery With 67W Fast Charging,"6.67 Inches, 1080 X 2400 Px, 120 Hz Display With Punch Hole",64 MP + 8 MP + 2 MP Triple Rear & 16 MP Front Camera
Xiaomi Redmi 12C,"₹6,799",70,"Helio  G85, Octa Core, 2 Ghz Processor","4 Gb Ram, 64 Gb Inbuilt",5000 Mah Battery,"6.71 Inches, 720 X 1650 Px Display With Water Drop Notch",50 MP + Depth Sensor Dual Rear & 5 MP Front Camera
Vivo V29 Pro,"₹39,999",84,"Dimensity  8200, Octa Core, 3.1 Ghz Processor","8 Gb Ram, 256 Gb Inbuilt",4600 Mah Battery With 80W Fast Charging,"6.78 Inches, 1260 X 2800 Px, 120 Hz Display With Punch Hole",50 MP + 12 MP + 8 MP Triple Rear & 50 MP Front Camera
Samsung Galaxy A34 5G,"₹25,999",83,"Dimensity 1080, Octa Core, 2.6 Ghz Processor","6 Gb Ram, 128 Gb Inbuilt",5000 Mah Battery With 25W Fast Charging,"6.6 Inches, 1080 X 2340 Px, 120 Hz Display With Water Drop Notch",48 MP + 8 MP + 5 MP Triple Rear & 13 MP Front Camera
Xiaomi Redmi 11 Prime 5G (6Gb Ram + 128Gb),"₹7,199",77,"Dimensity 700 5G, Octa Core, 2.2 Ghz Processor","6 Gb Ram, 128 Gb Inbuilt",5000 Mah Battery With 18W Fast Charging,"6.58 Inches, 1080 X 2408 Px, 90 Hz Display With Water Drop Notch",50 MP + 2 MP Dual Rear & 5 MP Front Camera
Iqoo Z7S 5G,"₹15,999",80,"Snapdragon 695, Octa Core, 2.2 Ghz Processor","6 Gb Ram, 128 Gb Inbuilt",4500 Mah Battery With 44W Fast Charging,"6.38 Inches, 1080 X 2388 Px, 90 Hz Display With Water Drop Notch",64 MP + 2 MP Dual Rear & 16 MP Front Camera
Samsung Galaxy S23 Fe 5G,"₹51,900",85,"Exynos 2200, Octa Core, 2.8 Ghz Processor","8 Gb Ram, 128 Gb Inbuilt",4500 Mah Battery With 25W Fast Charging,"6.4 Inches, 1080 X 2340 Px, 120 Hz Display With Punch Hole",50 MP + 12 MP + 8 MP Triple Rear & 10 MP Front Camera
Xiaomi Redmi Note 12 5G,"₹15,499",77,"Snapdragon 4 Gen 1, Octa Core, 2 Ghz Processor","4 Gb Ram, 128 Gb Inbuilt",5000 Mah Battery With 33W Fast Charging,"6.67 Inches, 1080 X 2400 Px, 120 Hz Display With Punch Hole",48 MP + 8 MP + 2 MP Triple Rear & 13 MP Front Camera
Samsung Galaxy F34 5G,"₹16,499",83,"Exynos 1280, Octa Core, 2.4 Ghz Processor","6 Gb Ram, 128 Gb Inbuilt",6000 Mah Battery With 25W Fast Charging,"6.5 Inches, 1080 X 2340 Px, 120 Hz Display With Water Drop Notch",50 MP + 8 MP + 2 MP Triple Rear & 13 MP Front Camera
Poco M6 Pro 5G (6Gb Ram + 128Gb),"₹11,999",77,"Snapdragon 4 Gen2, Octa Core, 2.2 Ghz Processor","6 Gb Ram, 128 Gb Inbuilt",5000 Mah Battery With 18W Fast Charging,"6.79 Inches, 1080 X 2460 Px, 90 Hz Display With Punch Hole",50 MP + 2 MP Dual Rear & 8 MP Front Camera
Samsung Galaxy M14,"₹11,899",77,"Exynos 1330, Octa Core, 2.4 Ghz Processor","4 Gb Ram, 128 Gb Inbuilt",6000 Mah Battery With 25W Fast Charging,"6.6 Inches, 1080 X 2408 Px, 90 Hz Display With Water Drop Notch",50 MP + 2 MP + 2 MP Triple Rear & 13 MP Front Camera
Vivo V27,"₹28,999",85,"Dimensity 7200, Octa Core, 2.8 Ghz Processor","8 Gb Ram, 128 Gb Inbuilt",4600 Mah Battery With 66W Fast Charging,"6.78 Inches, 1080 X 2400 Px, 120 Hz Display With Punch Hole",50 MP + 8 MP + 2 MP Triple Rear & 50 MP Front Camera
Poco X5 Pro,"₹18,499",80,"Snapdragon 778G, Octa Core, 2.4 Ghz Processor","6 Gb Ram, 128 Gb Inbuilt",5000 Mah Battery With 67W Fast Charging,"6.67 Inches, 1080 X 2400 Px, 120 Hz Display With Punch Hole",108 MP + 8 MP + 2 MP Triple Rear & 16 MP Front Camera
Vivo T2 Pro 5G (8Gb Ram + 256Gb),"₹24,999",82,"Dimensity 7200, Octa Core, 2.8 Ghz Processor","8 Gb Ram, 256 Gb Inbuilt",4600 Mah Battery With 66W Fast Charging,"6.78 Inches, 1080 X 2400 Px, 120 Hz Display With Punch Hole",64 MP + 2 MP Dual Rear & 16 MP Front Camera
Infinix Gt 10 Pro,"₹21,999",88,"Dimensity  8050, Octa Core, 3 Ghz Processor","8 Gb Ram, 256 Gb Inbuilt",5000 Mah Battery With 45W Fast Charging,"6.67 Inches, 1080 X 2460 Px, 120 Hz Display With Punch Hole",108 MP + 2 MP + 2 MP Triple Rear & 32 MP Front Camera
Itel S23 Plus,"₹13,999",78,"Tiger  T616, Octa Core, 2 Ghz Processor","8 Gb Ram, 128 Gb Inbuilt",5000 Mah Battery With 18W Fast Charging,"6.78 Inches, 1080 X 2400 Px Display With Punch Hole",50 MP + 0.08 MP Dual Rear & 32 MP Front Camera
Vivo T2X 5G (8Gb Ram + 128Gb),"₹14,999",80,"Dimensity 6020, Octa Core, 2.2 Ghz Processor","8 Gb Ram, 128 Gb Inbuilt",5000 Mah Battery With 18W Fast Charging,"6.58 Inches, 1080 X 2408 Px Display With Water Drop Notch",50 MP + 2 MP Dual Rear & 8 MP Front Camera
Vivo T2 5G,"₹17,999",79,"Snapdragon 695, Octa Core, 2.2 Ghz Processor","6 Gb Ram, 128 Gb Inbuilt",4500 Mah Battery With 44W Fast Charging,"6.38 Inches, 1080 X 2400 Px, 90 Hz Display With Water Drop Notch",64 MP + 2 MP Dual Rear & 16 MP Front Camera
Oneplus Nord Ce 3 (12Gb Ram + 256Gb),"₹28,360",85,"Snapdragon  782G, Octa Core, 2.7 Ghz Processor","12 Gb Ram, 256 Gb Inbuilt",5000 Mah Battery With 80W Fast Charging,"6.7 Inches, 1080 X 2412 Px, 120 Hz Display With Punch Hole",50 MP + 8 MP + 2 MP Triple Rear & 16 MP Front Camera
Samsung Galaxy A54 5G,"₹33,999",88,"Exynos 1380, Octa Core, 2.4 Ghz Processor","8 Gb Ram, 128 Gb Inbuilt",5000 Mah Battery With 25W Fast Charging,"6.4 Inches, 1080 X 2340 Px, 120 Hz Display With Punch Hole",50 MP + 12 MP + 5 MP Triple Rear & 32 MP Front Camera
Xiaomi Redmi K50I (8Gb Ram + 256Gb),"₹14,399",85,"Dimensity  8100, Octa Core, 2.85 Ghz Processor","8 Gb Ram, 256 Gb Inbuilt",5080 Mah Battery With 67W Fast Charging,"6.6 Inches, 1080 X 2460 Px, 144 Hz Display With Punch Hole",64 MP + 8 MP + 2 MP Triple Rear & 16 MP Front Camera
Apple Iphone 14 Plus,"₹63,999",82,"Bionic A15, Hexa Core, 3.22 Ghz Processor","6 Gb Ram, 128 Gb Inbuilt",4325 Mah Battery With Fast Charging,"6.7 Inches, 1284 X 2778 Px Display With Small Notch",12 MP + 12 MP Dual Rear & 12 MP Front Camera
Xiaomi Redmi 12 4G,"₹9,299",75,"Helio G88, Octa Core, 2 Ghz Processor","4 Gb Ram, 128 Gb Inbuilt",5000 Mah Battery With 18W Fast Charging,"6.79 Inches, 1080 X 2460 Px, 90 Hz Display With Punch Hole",50 MP + 8 MP + 2 MP Triple Rear & 8 MP Front Camera
Realme 11X 5G (8Gb Ram + 128Gb),"₹15,049",81,"Dimensity 6100 Plus, Octa Core, 2.2 Ghz Processor","8 Gb Ram, 128 Gb Inbuilt",5000 Mah Battery With 33W Fast Charging,"6.72 Inches, 1080 X 2400 Px, 120 Hz Display With Punch Hole",64 MP + 2 MP Dual Rear & 8 MP Front Camera
Infinix Zero 30 5G (12Gb Ram + 256Gb),"₹24,999",88,"Dimensity 8020, Octa Core, 2.6 Ghz Processor","12 Gb Ram, 256 Gb Inbuilt",5000 Mah Battery With 68W Fast Charging,"6.78 Inches, 1080 X 2400 Px, 144 Hz Display With Punch Hole",108 MP + 13 MP + 2 MP Triple Rear & 50 MP Front Camera
Motorola Moto G32 (8Gb Ram + 128Gb),"₹10,999",81,"Snapdragon 680, Octa Core, 2.4 Ghz Processor","8 Gb Ram, 128 Gb Inbuilt",5000 Mah Battery With 33W Fast Charging,"6.55 Inches, 1080 X 2400 Px, 90 Hz Display With Punch Hole",50 MP + 8 MP + 2 MP Triple Rear & 16 MP Front Camera
Vivo V29 (12Gb Ram + 256Gb),"₹35,990",87,"Snapdragon 778G, Octa Core, 2.4 Ghz Processor","12 Gb Ram, 256 Gb Inbuilt",4600 Mah Battery With 80W Fast Charging,"6.78 Inches, 1260 X 2800 Px, 120 Hz Display With Punch Hole",50 MP + 8 MP + 2 MP Triple Rear & 50 MP Front Camera
Realme 10 Pro,"₹11,399",82,"Snapdragon 695, Octa Core, 2.2 Ghz Processor","6 Gb Ram, 128 Gb Inbuilt",5000 Mah Battery With 33W Fast Charging,"6.72 Inches, 1080 X 2400 Px, 120 Hz Display With Punch Hole",108 MP + 2 MP Dual Rear & 16 MP Front Camera
Realme 11 Pro Plus (12Gb Ram + 256Gb),"₹29,448",89,"Dimensity 7050, Octa Core, 2.6 Ghz Processor","12 Gb Ram, 256 Gb Inbuilt",5000 Mah Battery With 100W Fast Charging,"6.7 Inches, 1080 X 2412 Px, 120 Hz Display With Punch Hole",200 MP + 8 MP + 2 MP Triple Rear & 32 MP Front Camera
Realme 11 Pro Plus (12Gb Ram + 256Gb),"₹29,490",89,"Dimensity 7050, Octa Core, 2.6 Ghz Processor","12 Gb Ram, 256 Gb Inbuilt",5000 Mah Battery With 100W Fast Charging,"6.7 Inches, 1080 X 2412 Px, 120 Hz Display With Punch Hole",200 MP + 8 MP + 2 MP Triple Rear & 32 MP Front Camera
Samsung Galaxy A14 5G,"₹14,499",75,"Exynos 1330, Octa Core, 2.4 Ghz Processor","4 Gb Ram, 64 Gb Inbuilt",5000 Mah Battery With 15W Fast Charging,"6.6 Inches, 1080 X 2408 Px, 90 Hz Display With Water Drop Notch",50 MP + 2 MP + 2 MP Triple Rear & 13 MP Front Camera
Samsung Galaxy S20 Fe 5G,"₹27,499",88,"Snapdragon 865, Octa Core, 2.84 Ghz Processor","8 Gb Ram, 128 Gb Inbuilt",4500 Mah Battery With Fast Charging,"6.5 Inches, 1080 X 2400 Px, 120 Hz Display With Punch Hole",12 MP + 12 MP + 8 MP Triple Rear & 32 MP Front Camera
Realme Narzo 60X (6Gb Ram + 128Gb),"₹12,999",78,"Dimensity 6100 Plus, Octa Core, 2.2 Ghz Processor","6 Gb Ram, 128 Gb Inbuilt",5000 Mah Battery With 33W Fast Charging,"6.72 Inches, 1080 X 2400 Px, 120 Hz Display With Punch Hole",50 MP + 2 MP Dual Rear & 8 MP Front Camera
Samsung Galaxy F14 5G (6Gb Ram + 128Gb),"₹12,490",71,"Exynos 1330, Octa Core Processor","6 Gb Ram, 128 Gb Inbuilt",6000 Mah Battery With 25W Fast Charging,"6.6 Inches, 2408 X 1080 Px Display With Water Drop Notch",50 MP + 2 MP Dual Rear & 13 MP Front Camera
Vivo Y100,"₹16,499",82,"Dimensity  900, Octa Core, 2.4 Ghz Processor","8 Gb Ram, 128 Gb Inbuilt",4500 Mah Battery With 44W Fast Charging,"6.38 Inches, 1080 X 2400 Px, 90 Hz Display With Punch Hole",64 MP + 2 MP + 2 MP Triple Rear & 16 MP Front Camera
Apple Iphone 15 Pro Max,"₹1,59,900",89,"Bionic  A17 Pro, Hexa Core, 3.78 Ghz Processor","8 Gb Ram, 256 Gb Inbuilt",4422 Mah Battery With Fast Charging,"6.7 Inches, 1290 X 2796 Px, 120 Hz Display With Dynamic Island",48 MP + 12 MP + 12 MP Triple Rear & 12 MP Front Camera
Poco X5 5G,"₹13,999",81,"Snapdragon 695, Octa Core, 2.2 Ghz Processor","6 Gb Ram, 128 Gb Inbuilt",5000 Mah Battery With 33W Fast Charging,"6.67 Inches, 1080 X 2400 Px, 120 Hz Display With Punch Hole",48 MP + 8 MP + 2 MP Triple Rear & 13 MP Front Camera
Realme Narzo N53,"₹7,999",70,"Unisoc T612, Octa Core, 1.8 Ghz Processor","4 Gb Ram, 64 Gb Inbuilt",5000 Mah Battery With 33W Fast Charging,"6.74 Inches, 720 X 1600 Px, 90 Hz Display With Punch Hole",50 MP + Depth Sensor Dual Rear & 8 MP Front Camera
Google Pixel 7A,"₹35,999",86,"Tensor G2, Octa Core, 2.85 Ghz Processor","8 Gb Ram, 128 Gb Inbuilt",4385 Mah Battery With 18W Fast Charging,"6.1 Inches, 1080 X 2400 Px, 90 Hz Display With Punch Hole",64 MP + 13 MP Dual Rear & 13 MP Front Camera
Oneplus 10R 5G,"₹25,199",84,"Dimensity 8100 Max, Octa Core, 2.85 Ghz Processor","8 Gb Ram, 128 Gb Inbuilt",5000 Mah Battery With 80W Fast Charging,"6.7 Inches, 1080 X 2412 Px, 120 Hz Display With Punch Hole",50 MP + 8 MP + 2 MP Triple Rear & 16 MP Front Camera
Iqoo Neo 7 Pro,"₹32,999",83,"Snapdragon 8+ Gen1, Octa Core, 3.2 Ghz Processor","8 Gb Ram, 128 Gb Inbuilt",5000 Mah Battery With 120W Fast Charging,"6.78 Inches, 1080 X 2400 Px, 120 Hz Display With Punch Hole",50 MP + 8 MP + 2 MP Triple Rear & 16 MP Front Camera
Realme 11,"₹16,999",83,"Dimensity 6100 Plus, Octa Core, 2.2 Ghz Processor","8 Gb Ram, 128 Gb Inbuilt",5000 Mah Battery With 67W Fast Charging,"6.72 Inches, 1080 X 2400 Px, 120 Hz Display With Punch Hole",108 MP + 2 MP Dual Rear & 16 MP Front Camera
Xiaomi Redmi 11 Prime 5G (6Gb Ram + 128Gb),"₹7,199",77,"Dimensity 700 5G, Octa Core, 2.2 Ghz Processor","6 Gb Ram, 128 Gb Inbuilt",5000 Mah Battery With 18W Fast Charging,"6.58 Inches, 1080 X 2408 Px, 90 Hz Display With Water Drop Notch",50 MP + 2 MP Dual Rear & 5 MP Front Camera
Motorola Moto E13 (8Gb Ram + 128Gb),"₹7,499",73,"Tiger T606, Octa Core, 2 Ghz Processor","8 Gb Ram, 128 Gb Inbuilt",5000 Mah Battery With 10W Fast Charging,"6.5 Inches, 720 X 1600 Px Display With Water Drop Notch",13 MP Rear & 5 MP Front Camera
Samsung Galaxy F04,"₹6,499",68,"Helio P35, Octa Core, 2.3 Ghz Processor","4 Gb Ram, 64 Gb Inbuilt",5000 Mah Battery With 15W Fast Charging,"6.5 Inches, 720 X 1600 Px Display With Water Drop Notch",13 MP + 2 MP Dual Rear & 5 MP Front Camera
Itel P55 5G (6Gb Ram + 128Gb),"₹9,999",75,"Dimensity 6080, Octa Core, 2.4 Ghz Processor","6 Gb Ram, 128 Gb Inbuilt",5000 Mah Battery With 18W Fast Charging,"6.6 Inches, 1600 X 720 Px, 90 Hz Display With Water Drop Notch",50 MP Dual Rear & 8 MP Front Camera
Xiaomi Redmi Note 12 Pro (8Gb Ram + 256Gb),"₹21,899",82,"Dimensity 1080, Octa Core, 2.6 Ghz Processor","8 Gb Ram, 256 Gb Inbuilt",5000 Mah Battery With 67W Fast Charging,"6.67 Inches, 1080 X 2400 Px, 120 Hz Display With Punch Hole",50 MP + 8 MP + 2 MP Triple Rear & 16 MP Front Camera
Honor 90 5G,"₹29,490",89,"Snapdragon 7 Gen 1 Accelerated Edition, Octa Core, 2.36 Ghz Processor","8 Gb Ram, 256 Gb Inbuilt",5000 Mah Battery With 66W Fast Charging,"6.7 Inches, 1200 X 2664 Px, 120 Hz Display With Punch Hole",200 MP + 12 MP + 2 MP Triple Rear & 50 MP Front Camera
Motorola Moto G14,"₹8,499",69,"Tiger  T616, Octa Core, 2 Ghz Processor","4 Gb Ram, 128 Gb Inbuilt",5000 Mah Battery With 20W Fast Charging,"6.5 Inches, Full Hd+ Display With Punch Hole",50 MP + 2 MP Dual Rear & 8 MP Front Camera
Poco X5 5G (8Gb Ram + 256Gb),"₹14,999",84,"Snapdragon 695, Octa Core, 2.2 Ghz Processor","8 Gb Ram, 256 Gb Inbuilt",5000 Mah Battery With 33W Fast Charging,"6.67 Inches, 1080 X 2400 Px, 120 Hz Display With Punch Hole",48 MP + 8 MP + 2 MP Triple Rear & 13 MP Front Camera
Lava Agni 2 5G,"₹18,999",82,"Dimensity 7050, Octa Core, 2.6 Ghz Processor","8 Gb Ram, 256 Gb Inbuilt",4700 Mah Battery With 66W Fast Charging,"6.78 Inches, 1080 X 2460 Px, 120 Hz Display With Punch Hole",50 MP Quad Rear & 16 MP Front Camera
Apple Iphone 15,"₹79,900",83,"Bionic  A16, Hexa Core, 3.46 Ghz Processor","6 Gb Ram, 128 Gb Inbuilt",3349 Mah Battery With Fast Charging,"6.1 Inches, 1179 X 2556 Px Display With Dynamic Island",48 MP + 12 MP Dual Rear & 12 MP Front Camera
Poco C55,"₹6,799",71,"Helio  G85, Octa Core, 2 Ghz Processor","4 Gb Ram, 64 Gb Inbuilt",5000 Mah Battery With 10W Fast Charging,"6.71 Inches, 720 X 1650 Px Display With Water Drop Notch",50 MP Dual Rear & 5 MP Front Camera
Realme C55 (8Gb Ram + 128Gb),"₹12,199",79,"Helio G88, Octa Core, 2 Ghz Processor","8 Gb Ram, 128 Gb Inbuilt",5000 Mah Battery With 33W Fast Charging,"6.72 Inches, 1080 X 2400 Px, 90 Hz Display With Punch Hole",64 MP + 2 MP Dual Rear & 8 MP Front Camera
Nokia G42 5G,"₹11,999",76,"Snapdragon  480+, Octa Core, 2.2 Ghz Processor","6 Gb Ram, 128 Gb Inbuilt",5000 Mah Battery With 20W Fast Charging,"6.56 Inches, 720 X 1612 Px, 90 Hz Display With Water Drop Notch",50 MP + 2 MP + 2 MP Triple Rear & 8 MP Front Camera
Poco X5 Pro (8Gb Ram + 256Gb),"₹19,499",84,"Snapdragon 778G, Octa Core, 2.4 Ghz Processor","8 Gb Ram, 256 Gb Inbuilt",5000 Mah Battery With 67W Fast Charging,"6.67 Inches, 1080 X 2400 Px, 120 Hz Display With Punch Hole",108 MP + 8 MP + 2 MP Triple Rear & 16 MP Front Camera
Oppo A78,"₹16,499",79,"Dimensity 700 5G, Octa Core, 2.2 Ghz Processor","8 Gb Ram, 128 Gb Inbuilt",5000 Mah Battery With 33W Fast Charging,"6.56 Inches, 720 X 1612 Px, 90 Hz Display With Water Drop Notch",50 MP + 2 MP Dual Rear & 8 MP Front Camera
Oppo F23,"₹21,999",84,"Snapdragon  695, Octa Core, 2.2 Ghz Processor","8 Gb Ram, 256 Gb Inbuilt",5000 Mah Battery With 67W Fast Charging,"6.72 Inches, 1080 X 2400 Px, 120 Hz Display With Punch Hole",64 MP + 2 MP + 2 MP Triple Rear & 32 MP Front Camera
Apple Iphone 12,"₹40,999",74,"Bionic A14, Hexa Core, 3.1 Ghz Processor","4 Gb Ram, 64 Gb Inbuilt","6.1 Inches, 1170 X 2532 Px Display With Large Notch",12 Mp + 12 Mp Dual Rear & 12 Mp Front Camera,Memory Card Not Supported
Oneplus Nord 3 5G (16Gb Ram + 256Gb),"₹35,478",87,"Dimensity 9000, Octa Core, 3.05 Ghz Processor","16 Gb Ram, 256 Gb Inbuilt",5000 Mah Battery With 80W Fast Charging,"6.74 Inches, 1240 X 2772 Px, 120 Hz Display With Punch Hole",50 MP + 8 MP + 2 MP Triple Rear & 16 MP Front Camera
Realme Gt 2 Pro 5G,"₹35,999",88,"Snapdragon 8 Gen1, Octa Core, 3 Ghz Processor","8 Gb Ram, 128 Gb Inbuilt",5000 Mah Battery With 65W Fast Charging,"6.7 Inches, 1440 X 3216 Px, 120 Hz Display With Punch Hole",50 MP + 50 MP + 2 MP Triple Rear & 32 MP Front Camera
Xiaomi Redmi Note 12 Pro (8Gb Ram + 128Gb),"₹22,990",82,"Dimensity 1080, Octa Core, 2.6 Ghz Processor","8 Gb Ram, 128 Gb Inbuilt",5000 Mah Battery With 67W Fast Charging,"6.67 Inches, 1080 X 2400 Px, 120 Hz Display With Punch Hole",50 MP + 8 MP + 2 MP Triple Rear & 16 MP Front Camera
Realme 10 Pro,"₹11,399",82,"Snapdragon 695, Octa Core, 2.2 Ghz Processor","6 Gb Ram, 128 Gb Inbuilt",5000 Mah Battery With 33W Fast Charging,"6.72 Inches, 1080 X 2400 Px, 120 Hz Display With Punch Hole",108 MP + 2 MP Dual Rear & 16 MP Front Camera
Xiaomi Redmi K50I (8Gb Ram + 256Gb),"₹14,399",85,"Dimensity  8100, Octa Core, 2.85 Ghz Processor","8 Gb Ram, 256 Gb Inbuilt",5080 Mah Battery With 67W Fast Charging,"6.6 Inches, 1080 X 2460 Px, 144 Hz Display With Punch Hole",64 MP + 8 MP + 2 MP Triple Rear & 16 MP Front Camera
Samsung Galaxy S23 5G,"₹74,999",88,"Snapdragon 8 Gen 2, Octa Core, 3.36 Ghz Processor","8 Gb Ram, 128 Gb Inbuilt",3900 Mah Battery With 25W Fast Charging,"6.1 Inches, 1080 X 2340 Px, 120 Hz Display With Punch Hole",50 MP + 12 MP + 10 MP Triple Rear & 12 MP Front Camera
Iqoo Z7 Pro 5G (8Gb Ram + 256Gb),"₹24,999",80,"Dimensity 7200, Octa Core, 2.8 Ghz Processor","8 Gb Ram, 256 Gb Inbuilt",4600 Mah Battery With 66W Fast Charging,"6.78 Inches, 1080 X 2400 Px, 120 Hz Display With Punch Hole",64 MP + 2 MP Dual Rear & 16 MP Front Camera
Oneplus 11R (16Gb Ram + 256Gb),"₹44,899",87,"Snapdragon 8+ Gen1, Octa Core, 3.2 Ghz Processor","16 Gb Ram, 256 Gb Inbuilt",5000 Mah Battery With 100W Fast Charging,"6.74 Inches, 1240 X 2772 Px, 120 Hz Display With Punch Hole",50 MP + 8 MP + 2 MP Triple Rear & 16 MP Front Camera
Realme Narzo 60 Pro (12Gb Ram + 1Tb),"₹26,999",85,"Dimensity 7050, Octa Core, 2.6 Ghz Processor","12 Gb Ram, 1 Tb Inbuilt",5000 Mah Battery With 67W Fast Charging,"6.7 Inches, 1080 X 2400 Px, 120 Hz Display With Punch Hole",100 MP + 2 MP Dual Rear & 16 MP Front Camera
Realme C53 (6Gb Ram + 128Gb),"₹10,999",77,"Tiger T612, Octa Core, 1.82 Ghz Processor","6 Gb Ram, 128 Gb Inbuilt",5000 Mah Battery With 18W Fast Charging,"6.74 Inches, 1080 X 2400 Px, 90 Hz Display With Water Drop Notch",108 MP + 2 MP Dual Rear & 8 MP Front Camera
Poco C51,"₹5,999",66,"Helio G36, Octa Core, 2.2 Ghz Processor","4 Gb Ram, 64 Gb Inbuilt",5000 Mah Battery With 10W Fast Charging,"6.52 Inches, 720 X 1600 Px Display With Water Drop Notch",8 MP + 0.08 MP Dual Rear & 5 MP Front Camera
Xiaomi 11T Pro 5G (8Gb Ram + 256Gb),"₹19,799",87,"Snapdragon  888 , Octa Core, 2.84 Ghz Processor","8 Gb Ram, 256 Gb Inbuilt",5000 Mah Battery With 120W Fast Charging,"6.67 Inches, 1080 X 2400 Px, 120 Hz Display With Punch Hole",108 MP + 8 MP + 5 MP Triple Rear & 16 MP Front Camera
Iqoo Z6 Lite (6Gb Ram + 128Gb),"₹12,999",79,"Snapdragon  4 Gen 1, Octa Core, 2 Ghz Processor","6 Gb Ram, 128 Gb Inbuilt",5000 Mah Battery With 18W Fast Charging,"6.58 Inches, 1080 X 2408 Px, 120 Hz Display With Water Drop Notch",50 MP + 2 MP Dual Rear & 8 MP Front Camera
Infinix Hot 30 5G (8Gb Ram + 128Gb),"₹12,499",82,"Dimensity 6020, Octa Core, 2.2 Ghz Processor","8 Gb Ram, 128 Gb Inbuilt",6000 Mah Battery With 18W Fast Charging,"6.78 Inches, 1080 X 2460 Px, 120 Hz Display With Punch Hole",50 MP Dual Rear & 8 MP Front Camera
Samsung Galaxy M34 5G (8Gb Ram + 256Gb),"₹21,048",85,"Exynos 1280 , Octa Core, 2.4 Ghz Processor","8 Gb Ram, 256 Gb Inbuilt",6000 Mah Battery With 25W Fast Charging,"6.5 Inches, 1080 X 2340 Px, 120 Hz Display With Water Drop Notch",50 MP + 8 MP + 2 MP Triple Rear & 13 MP Front Camera
Vivo V29 Pro (12Gb Ram + 256Gb),"₹42,999",85,"Dimensity  8200, Octa Core, 3.1 Ghz Processor","12 Gb Ram, 256 Gb Inbuilt",4600 Mah Battery With 80W Fast Charging,"6.78 Inches, 1260 X 2800 Px, 120 Hz Display With Punch Hole",50 MP + 12 MP + 8 MP Triple Rear & 50 MP Front Camera
Nothing Phone 2,"₹39,999",89,"Snapdragon 8+ Gen1, Octa Core, 3.2 Ghz Processor","8 Gb Ram, 128 Gb Inbuilt",4700 Mah Battery With 45W Fast Charging,"6.7 Inches, 1080 X 2412 Px, 120 Hz Display With Punch Hole",50 MP + 50 MP Dual Rear & 32 MP Front Camera
Xiaomi Redmi A2 (4Gb Ram + 64Gb),"₹6,279",66,"Helio G36, Octa Core, 2.2 Ghz Processor","4 Gb Ram, 64 Gb Inbuilt",5000 Mah Battery With 10W Fast Charging,"6.52 Inches, 720 X 1600 Px Display With Water Drop Notch",8 MP + Depth Sensor Dual Rear & 5 MP Front Camera
Samsung Galaxy A34 5G (8Gb Ram + 256Gb),"₹27,099",86,"Dimensity 1080, Octa Core, 2.6 Ghz Processor","8 Gb Ram, 256 Gb Inbuilt",5000 Mah Battery With 25W Fast Charging,"6.6 Inches, 1080 X 2340 Px, 120 Hz Display With Water Drop Notch",48 MP + 8 MP + 5 MP Triple Rear & 13 MP Front Camera
Jio Bharat B1 4G,"₹1,285",79,No Wifi,"512 Mb Ram, 4 Gb Inbuilt",2000 Mah Battery,"2.4 Inches, 240 X 320 Px Display",0.3 MP Rear Camera
Apple Iphone 15 Plus,"₹89,900",84,"Bionic  A16, Hexa Core, 3.46 Ghz Processor","6 Gb Ram, 128 Gb Inbuilt",4383 Mah Battery With Fast Charging,"6.7 Inches, 1290 X 2796 Px Display With Dynamic Island",48 MP + 12 MP Dual Rear & 12 MP Front Camera
Tecno Pova 5 Pro,"₹14,999",83,"Dimensity 6080, Octa Core, 2.4 Ghz Processor","8 Gb Ram, 128 Gb Inbuilt",5000 Mah Battery With 68W Fast Charging,"6.78 Inches, 1080 X 2460 Px, 120 Hz Display With Punch Hole",50 MP + 0.08 MP Dual Rear & 16 MP Front Camera
Infinix Zero 30 5G,"₹23,999",87,"Dimensity 8020, Octa Core, 2.6 Ghz Processor","8 Gb Ram, 256 Gb Inbuilt",5000 Mah Battery With 68W Fast Charging,"6.78 Inches, 1080 X 2400 Px, 144 Hz Display With Punch Hole",108 MP + 13 MP + 2 MP Triple Rear & 50 MP Front Camera
Xiaomi Redmi Note 12 (8Gb Ram + 256Gb),"₹18,999",83,"Snapdragon 4 Gen 1, Octa Core, 2 Ghz Processor","8 Gb Ram, 256 Gb Inbuilt",5000 Mah Battery With 33W Fast Charging,"6.67 Inches, 1080 X 2400 Px, 120 Hz Display With Punch Hole",48 MP + 8 MP + 2 MP Triple Rear & 13 MP Front Camera
Oppo Reno 10 Pro Plus,"₹54,999",89,"Snapdragon 8+ Gen1, Octa Core, 3.2 Ghz Processor","12 Gb Ram, 256 Gb Inbuilt",4700 Mah Battery With 100W Fast Charging,"6.74 Inches, 1240 X 2772 Px, 120 Hz Display With Punch Hole",64 MP + 50 MP + 8 MP Triple Rear & 32 MP Front Camera
Xiaomi Mi 11X,"₹19,999",80,"Snapdragon 870, Octa Core, 3.2 Ghz Processor","6 Gb Ram, 128 Gb Inbuilt",4520 Mah Battery With 33W Fast Charging,"6.67 Inches, 1080 X 2400 Px, 120 Hz Display With Punch Hole",48 MP + 8 MP + 5 MP Triple Rear & 20 MP Front Camera
Apple Iphone 11,"₹36,999",73,"A13 Bionic, Hexa Core, 2.65 Ghz Processor","4 Gb Ram, 64 Gb Inbuilt",3110 Mah Battery,"6.1 Inches, 828 X 1792 Px Display With Large Notch",12 MP + 12 MP Dual Rear & 12 MP Front Camera
Realme Narzo 60 5G (8Gb Ram +256Gb),"₹16,999",82,"Dimensity 6020, Octa Core, 2.2 Ghz Processor","8 Gb Ram, 256 Gb Inbuilt",5000 Mah Battery With 33W Fast Charging,"6.43 Inches, 1080 X 2400 Px, 90 Hz Display With Punch Hole",64 MP + 2 MP Dual Rear & 16 MP Front Camera
Samsung Galaxy F14 5G,"₹11,490",68,"Exynos 1330, Octa Core Processor","4 Gb Ram, 128 Gb Inbuilt",6000 Mah Battery With 25W Fast Charging,"6.6 Inches, 2408 X 1080 Px Display With Water Drop Notch",50 MP + 2 MP Dual Rear & 13 MP Front Camera
Samsung Galaxy S21 Fe (Snapdragon + 8Gb Ram + 128Gb),"₹32,999",88,"Snapdragon 888, Octa Core, 2.84 Ghz Processor","8 Gb Ram, 128 Gb Inbuilt",4500 Mah Battery With 25W Fast Charging,"6.4 Inches, 1080 X 2340 Px, 120 Hz Display With Punch Hole",12 MP + 12 MP + 8 MP Triple Rear & 32 MP Front Camera
Vivo V27 Pro,"₹34,999",84,"Dimensity 8200, Octa Core, 3.1 Ghz Processor","8 Gb Ram, 128 Gb Inbuilt",4600 Mah Battery With 66W Fast Charging,"6.78 Inches, 1080 X 2400 Px, 120 Hz Display With Punch Hole",50 MP + 8 MP + 2 MP Triple Rear & 50 MP Front Camera
Realme Gt 2 Pro 5G (12Gb Ram + 256Gb),"₹32,999",89,"Snapdragon 8 Gen1, Octa Core, 3 Ghz Processor","12 Gb Ram, 256 Gb Inbuilt",5000 Mah Battery With 65W Fast Charging,"6.7 Inches, 1440 X 3216 Px, 120 Hz Display With Punch Hole",50 MP + 50 MP + 2 MP Triple Rear & 32 MP Front Camera
Oppo A18,"₹9,969",64,"Helio G85, Octa Core, 2 Ghz Processor","4 Gb Ram, 64 Gb Inbuilt",5000 Mah Battery,"6.56 Inches, 720 X 1612 Px Display With Water Drop Notch",8 MP + 2 MP Dual Rear & 5 MP Front Camera
Infinix Hot 30I,"₹8,299",76,"Helio G37, Octa Core, 2.3 Ghz Processor","8 Gb Ram, 128 Gb Inbuilt",5000 Mah Battery With 10W Fast Charging,"6.6 Inches, 720 X 1612 Px, 90 Hz Display With Water Drop Notch",50 MP Dual Rear & 8 MP Front Camera
Vivo V29E (8Gb Ram + 256Gb),"₹27,684",86,"Snapdragon  695, Octa Core, 2.2 Ghz Processor","8 Gb Ram, 256 Gb Inbuilt",5000 Mah Battery With 44W Fast Charging,"6.78 Inches, 1080 X 2400 Px, 120 Hz Display With Punch Hole",64 MP + 8 MP Dual Rear & 50 MP Front Camera
Samsung Galaxy A23 5G,"₹19,300",79,"Snapdragon 695, Octa Core, 2.2 Ghz Processor","6 Gb Ram, 128 Gb Inbuilt",5000 Mah Battery With 25W Fast Charging,"6.6 Inches, 1080 X 2408 Px, 120 Hz Display With Water Drop Notch",50 MP Quad Rear & 8 MP Front Camera
Samsung Galaxy M34 5G (8Gb Ram + 128Gb),"₹18,499",84,"Exynos 1280 , Octa Core, 2.4 Ghz Processor","8 Gb Ram, 128 Gb Inbuilt",6000 Mah Battery With 25W Fast Charging,"6.5 Inches, 1080 X 2340 Px, 120 Hz Display With Water Drop Notch",50 MP + 8 MP + 2 MP Triple Rear & 13 MP Front Camera
Samsung Galaxy A53 (8Gb Ram + 256Gb),"₹17,996",89,"Exynos 1280, Octa Core, 2.4 Ghz Processor","8 Gb Ram, 256 Gb Inbuilt",5000 Mah Battery With 25W Fast Charging,"6.5 Inches, 1080 X 2400 Px, 120 Hz Display With Punch Hole",64 MP Quad Rear & 32 MP Front Camera
Infinix Note 30 5G,"₹13,999",81,"Dimensity 6080, Octa Core, 2.4 Ghz Processor","4 Gb Ram, 128 Gb Inbuilt",5000 Mah Battery With 45W Fast Charging,"6.78 Inches, 1080 X 2460 Px, 120 Hz Display With Punch Hole",108 MP + 2 MP Triple Rear & 16 MP Front Camera
Vivo Y56,"₹18,999",83,"Dimensity 700 5G, Octa Core, 2.2 Ghz Processor","8 Gb Ram, 128 Gb Inbuilt",5000 Mah Battery With 18W Fast Charging,"6.58 Inches, 1080 X 2408 Px Display With Water Drop Notch",50 MP + 2 MP Dual Rear & 16 MP Front Camera
Apple Iphone 14 Pro,"₹1,19,900",84,"Bionic  A16, Hexa Core, 3.46 Ghz Processor","6 Gb Ram, 128 Gb Inbuilt",3200 Mah Battery With Fast Charging,"6.1 Inches, 1179 X 2556 Px, 120 Hz Display",48 MP + 12 MP + 12 MP Triple Rear & 12 MP Front Camera
Samsung Galaxy F34 5G (8Gb Ram + 128Gb),"₹18,499",85,"Exynos 1280, Octa Core, 2.4 Ghz Processor","8 Gb Ram, 128 Gb Inbuilt",6000 Mah Battery With 25W Fast Charging,"6.5 Inches, 1080 X 2340 Px, 120 Hz Display With Water Drop Notch",50 MP + 8 MP + 2 MP Triple Rear & 13 MP Front Camera
Motorola Moto E13 (4Gb Ram + 64Gb),"₹6,499",67,"Tiger T606, Octa Core, 2 Ghz Processor","4 Gb Ram, 64 Gb Inbuilt",5000 Mah Battery With 10W Fast Charging,"6.5 Inches, 720 X 1600 Px Display With Water Drop Notch",13 MP Rear & 5 MP Front Camera
Apple Iphone 15 Pro,"₹1,34,900",87,"Bionic  A17 Pro, Hexa Core, 3.78 Ghz Processor","8 Gb Ram, 128 Gb Inbuilt",3274 Mah Battery With Fast Charging,"6.1 Inches, 1179 X 2556 Px, 120 Hz Display With Dynamic Island",48 MP + 12 MP + 12 MP Triple Rear & 12 MP Front Camera
Xiaomi Redmi Note 11T 5G (6Gb Ram + 128Gb),"₹12,999",81,"Dimensity  810 5G, Octa Core, 2.4 Ghz Processor","6 Gb Ram, 128 Gb Inbuilt",5000 Mah Battery With 33W Fast Charging,"6.6 Inches, 1080 X 2400 Px, 90 Hz Display With Punch Hole",50 MP + 8 MP Dual Rear & 16 MP Front Camera
Honor 90 5G (12Gb Ram +512Gb),"₹31,999",89,"Snapdragon 7 Gen 1 Accelerated Edition, Octa Core, 2.36 Ghz Processor","12 Gb Ram, 512 Gb Inbuilt",5000 Mah Battery With 66W Fast Charging,"6.7 Inches, 1200 X 2664 Px, 120 Hz Display With Punch Hole",200 MP + 12 MP + 2 MP Triple Rear & 50 MP Front Camera
Poco M6 Pro 5G (4Gb Ram + 128Gb),"₹10,999",75,"Snapdragon 4 Gen2, Octa Core, 2.2 Ghz Processor","4 Gb Ram, 128 Gb Inbuilt",5000 Mah Battery With 18W Fast Charging,"6.79 Inches, 1080 X 2460 Px, 90 Hz Display With Punch Hole",50 MP + 2 MP Dual Rear & 8 MP Front Camera
Iqoo Neo 7 5G,"₹27,999",82,"Dimensity 8200, Octa Core, 3.1 Ghz Processor","8 Gb Ram, 128 Gb Inbuilt",5000 Mah Battery With 120W Fast Charging,"6.78 Inches, 1080 X 2400 Px, 120 Hz Display With Punch Hole",64 MP + 2 MP + 2 MP Triple Rear & 16 MP Front Camera
Oneplus 11 (16Gb Ram + 256Gb),"₹58,480",79,"Snapdragon 8 Gen2, Octa Core, 3.2 Ghz Processor","16 Gb Ram, 256 Gb Inbuilt",5000 Mah Battery With 100W Fast Charging,"6.7 Inches, 1440 X 3216 Px, 120 Hz Display With Punch Hole",50 MP + 48 MP + 32 MP Triple Rear & 16 MP Front Camera
Xiaomi Redmi Note 12 Pro Plus,"₹27,990",86,"Dimensity 1080, Octa Core, 2.6 Ghz Processor","8 Gb Ram, 256 Gb Inbuilt",4980 Mah Battery With 120W Fast Charging,"6.67 Inches, 1080 X 2400 Px, 120 Hz Display With Punch Hole",200 MP + 8 MP + 2 MP Triple Rear & 16 MP Front Camera
Xiaomi Redmi 11 Prime,"₹5,699",74,"Helio G99, Octa Core, 2.2 Ghz Processor","4 Gb Ram, 64 Gb Inbuilt",5000 Mah Battery With 18W Fast Charging,"6.58 Inches, 1080 X 2400 Px, 90 Hz Display With Water Drop Notch",50 MP + 2 MP + 2 MP Triple Rear & 8 MP Front Camera
Samsung Galaxy A14 5G (6Gb Ram + 128Gb),"₹16,999",79,"Exynos 1330, Octa Core, 2.4 Ghz Processor","6 Gb Ram, 128 Gb Inbuilt",5000 Mah Battery With 15W Fast Charging,"6.6 Inches, 1080 X 2408 Px, 90 Hz Display With Water Drop Notch",50 MP + 2 MP + 2 MP Triple Rear & 13 MP Front Camera
Realme Narzo 60 Pro 5G,"₹21,249",82,"Dimensity 7050, Octa Core, 2.6 Ghz Processor","8 Gb Ram, 128 Gb Inbuilt",5000 Mah Battery With 67W Fast Charging,"6.7 Inches, 1080 X 2412 Px, 120 Hz Display With Punch Hole",100 MP + 2 MP Dual Rear & 16 MP Front Camera
Nothing Phone 1,"₹28,499",85,"Snapdragon 778G Plus, Octa Core, 2.5 Ghz Processor","8 Gb Ram, 128 Gb Inbuilt",4500 Mah Battery With 33W Fast Charging,"6.55 Inches, 1080 X 2400 Px, 120 Hz Display With Punch Hole",50 MP + 50 MP Dual Rear & 16 MP Front Camera
Motorola Edge 30 Ultra,"₹54,999",79,"Snapdragon 8+ Gen1, Octa Core, 3.2 Ghz Processor","8 Gb Ram, 128 Gb Inbuilt",4610 Mah Battery With 125W Fast Charging,"6.67 Inches, 1080 X 2400 Px, 144 Hz Display With Punch Hole",200 MP + 50 MP + 12 MP Triple Rear & 60 MP Front Camera
Samsung Galaxy A05S,"₹14,999",78,"Snapdragon 680, Octa Core, 2.4 Ghz Processor","6 Gb Ram, 128 Gb Inbuilt",5000 Mah Battery With 25W Fast Charging,"6.7 Inches, 1080 X 2400 Px Display With Water Drop Notch",50 MP + 2 MP + 2 MP Triple Rear & 13 MP Front Camera
Xiaomi Redmi Note 12 4G,"₹11,998",79,"Snapdragon 685, Octa Core, 2.8 Ghz Processor","6 Gb Ram, 64 Gb Inbuilt",5000 Mah Battery With 33W Fast Charging,"6.67 Inches, 1080 X 2400 Px, 120 Hz Display With Punch Hole",50 MP + 8 MP + 2 MP Triple Rear & 13 MP Front Camera
Vivo Y16,"₹6,399",65,"Helio P35, Octa Core, 2.3 Ghz Processor","3 Gb Ram, 32 Gb Inbuilt",5000 Mah Battery With 10W Fast Charging,"6.51 Inches, 720 X 1600 Px Display With Water Drop Notch",13 MP + 2 MP Dual Rear & 5 MP Front Camera
Realme Narzo N53 (6Gb Ram + 128Gb),"₹9,499",74,"Unisoc T612, Octa Core, 1.8 Ghz Processor","6 Gb Ram, 128 Gb Inbuilt",5000 Mah Battery With 33W Fast Charging,"6.74 Inches, 720 X 1600 Px, 90 Hz Display With Punch Hole",50 MP + Depth Sensor Dual Rear & 8 MP Front Camera
Poco C55 (6Gb Ram + 128Gb),"₹7,799",75,"Helio  G85, Octa Core, 2 Ghz Processor","6 Gb Ram, 128 Gb Inbuilt",5000 Mah Battery With 10W Fast Charging,"6.71 Inches, 720 X 1650 Px Display With Water Drop Notch",50 MP Dual Rear & 5 MP Front Camera
Motorola Moto G60,"₹14,999",84,"Snapdragon  732G, Octa Core, 2.3 Ghz Processor","6 Gb Ram, 128 Gb Inbuilt",6000 Mah Battery With 20W Fast Charging,"6.78 Inches, 1080 X 2460 Px, 120 Hz Display With Punch Hole",108 MP + 8 MP + 2 MP Triple Rear & 32 MP Front Camera
Samsung Galaxy S21 Ultra,"₹65,999",79,"Exynos  2100, Octa Core, 2.9 Ghz Processor","12 Gb Ram, 256 Gb Inbuilt",5000 Mah Battery With 25W Fast Charging,"6.8 Inches, 1440 X 3200 Px, 120 Hz Display With Punch Hole",108 MP Quad Rear & 40 MP Front Camera
Realme 11 Pro (8Gb Ram + 256Gb),"₹23,499",84,"Dimensity 7050, Octa Core, 2.6 Ghz Processor","8 Gb Ram, 256 Gb Inbuilt",5000 Mah Battery With 67W Fast Charging,"6.7 Inches, 1080 X 2412 Px, 120 Hz Display With Punch Hole",100 MP + 2 MP Dual Rear & 16 MP Front Camera
Xiaomi Redmi 12C (6Gb Ram + 128Gb),"₹8,605",74,"Helio  G85, Octa Core, 2 Ghz Processor","6 Gb Ram, 128 Gb Inbuilt",5000 Mah Battery,"6.71 Inches, 720 X 1650 Px Display With Water Drop Notch",50 MP + Depth Sensor Dual Rear & 5 MP Front Camera
Vivo Y22,"₹9,279",72,"Helio G70, Octa Core, 2 Ghz Processor","4 Gb Ram, 64 Gb Inbuilt",5000 Mah Battery With 18W Fast Charging,"6.55 Inches, 720 X 1612 Px Display With Water Drop Notch",50 MP + 2 MP Dual Rear & 8 MP Front Camera
Samsung Galaxy M04,"₹6,499",66,"Helio P35, Octa Core, 2.3 Ghz Processor","4 Gb Ram, 64 Gb Inbuilt",5000 Mah Battery With 15W Fast Charging,"6.5 Inches, 720 X 1600 Px Display With Water Drop Notch",13 MP + 2 MP Dual Rear & 5 MP Front Camera
Vivo V25 Pro 5G,"₹26,790",84,"Dimensity 1300, Octa Core, 3 Ghz Processor","8 Gb Ram, 128 Gb Inbuilt",4830 Mah Battery With 66W Fast Charging,"6.56 Inches, 1080 X 2376 Px, 120 Hz Display With Punch Hole",64 MP + 8 MP + 2 MP Triple Rear & 32 MP Front Camera
Google Pixel 8 Pro (12Gb Ram + 256 Gb),"₹1,13,999",82,"Tensor G3, Nine Cores, 3 Ghz Processor","12 Gb Ram, 256 Gb Inbuilt",5050 Mah Battery With 30W Fast Charging,"6.7 Inches, 1344 X 2992 Px, 120 Hz Display With Punch Hole",50 MP + 48 MP + 48 MP Triple Rear & 10.5 MP Front Camera
Nothing Phone 2 (12Gb Ram + 256Gb),"₹41,999",89,"Snapdragon 8+ Gen1, Octa Core, 3.2 Ghz Processor","12 Gb Ram, 256 Gb Inbuilt",4700 Mah Battery With 45W Fast Charging,"6.7 Inches, 1080 X 2412 Px, 120 Hz Display With Punch Hole",50 MP + 50 MP Dual Rear & 32 MP Front Camera
Jio Bharat V2,₹999,79,No Wifi,"512 Mb Ram, 4 Gb Inbuilt",1000 Mah Battery,"1.77 Inches, 240 X 320 Px Display",0.3 MP Rear Camera
Realme C51,"₹7,999",69,"Unisoc T612, Octa Core, 1.8 Ghz Processor","4 Gb Ram, 64 Gb Inbuilt",5000 Mah Battery With 33W Fast Charging,"6.74 Inches, 720 X 1600 Px, 90 Hz Display With Water Drop Notch",50 MP + 0.08 MP Dual Rear & 5 MP Front Camera
Poco F5 (12Gb Ram + 256Gb),"₹26,999",85,"Snapdragon 7+ Gen2, Octa Core, 2.91 Ghz Processor","12 Gb Ram, 256 Gb Inbuilt",5000 Mah Battery With 67W Fast Charging,"6.67 Inches, 1080 X 2400 Px, 120 Hz Display With Punch Hole",64 MP + 8 MP + 2 MP Triple Rear & 16 MP Front Camera
Xiaomi Redmi 10A (4Gb Ram + 64Gb),"₹4,079",66,"Helio  G25, Octa Core, 2 Ghz Processor","4 Gb Ram, 64 Gb Inbuilt",5000 Mah Battery,"6.53 Inches, 720 X 1600 Px Display With Water Drop Notch",13 MP Rear & 5 MP Front Camera
Google Pixel 7 Pro 5G,"₹63,999",89,"Google  Tensor G2, Octa Core, 2.85 Ghz Processor","12 Gb Ram, 128 Gb Inbuilt",5000 Mah Battery With 30W Fast Charging,"6.7 Inches, 1440 X 3120 Px, 120 Hz Display With Punch Hole",50 MP + 48 MP + 12 MP Triple Rear & 10.8 MP Front Camera
Samsung Galaxy A73 5G,"₹39,990",89,"Snapdragon 778G, Octa Core, 2.4 Ghz Processor","8 Gb Ram, 128 Gb Inbuilt",5000 Mah Battery With 25W Fast Charging,"6.7 Inches, 1080 X 2400 Px, 120 Hz Display With Punch Hole",108 MP Quad Rear & 32 MP Front Camera
Iqoo Z7S (8Gb Ram + 128Gb),"₹17,499",82,"Snapdragon 695, Octa Core, 2.2 Ghz Processor","8 Gb Ram, 128 Gb Inbuilt",4500 Mah Battery With 44W Fast Charging,"6.38 Inches, 1080 X 2388 Px, 90 Hz Display With Water Drop Notch",64 MP + 2 MP Dual Rear & 16 MP Front Camera
Tecno Camon 20 Pro 5G,"₹18,877",85,"Dimensity 8050, Octa Core, 3 Ghz Processor","8 Gb Ram, 128 Gb Inbuilt",5000 Mah Battery With 33W Fast Charging,"6.67 Inches, 1080 X 2400 Px, 120 Hz Display With Punch Hole",64 MP + 2 MP + 2 MP Triple Rear & 32 MP Front Camera
Realme Narzo N55,"₹8,999",73,"Helio G88, Octa Core, 2 Ghz Processor","4 Gb Ram, 64 Gb Inbuilt",5000 Mah Battery With 33W Fast Charging,"6.72 Inches, 1080 X 2400 Px, 90 Hz Display With Punch Hole",64 MP + 2 MP Dual Rear & 8 MP Front Camera
Tecno Spark 10 Pro,"₹10,999",80,"Helio  G88, Octa Core, 2 Ghz Processor","8 Gb Ram, 128 Gb Inbuilt",5000 Mah Battery With 18W Fast Charging,"6.8 Inches, 1080 X 2460 Px, 90 Hz Display With Punch Hole",50 MP Dual Rear & 32 MP Front Camera
Oppo A17,"₹8,279",72,"Helio G35, Octa Core, 2.3 Ghz Processor","4 Gb Ram, 64 Gb Inbuilt",5000 Mah Battery With Fast Charging,"6.56 Inches, 720 X 1612 Px Display With Water Drop Notch",50 MP + 2 MP Dual Rear & 5 MP Front Camera
Xiaomi 12 Pro 5G (12Gb Ram + 256Gb),"₹41,999",89,"Snapdragon 8 Gen1, Octa Core, 3 Ghz Processor","12 Gb Ram, 256 Gb Inbuilt",4600 Mah Battery With 120W Fast Charging,"6.73 Inches, 1440 X 3200 Px, 120 Hz Display With Punch Hole",50 MP + 50 MP + 50 MP Triple Rear & 32 MP Front Camera
Iqoo Z7 5G,"₹19,499",82,"Dimensity 920, Octa Core, 2.5 Ghz Processor","6 Gb Ram, 128 Gb Inbuilt",4500 Mah Battery With 44W Fast Charging,"6.38 Inches, 1080 X 2408 Px, 90 Hz Display With Water Drop Notch",64 MP + 2 MP Dual Rear & 16 MP Front Camera
Samsung Galaxy A54 5G (8Gb Ram + 256Gb),"₹37,499",89,"Exynos 1380, Octa Core, 2.4 Ghz Processor","8 Gb Ram, 256 Gb Inbuilt",5000 Mah Battery With 25W Fast Charging,"6.4 Inches, 1080 X 2340 Px, 120 Hz Display With Punch Hole",50 MP + 12 MP + 5 MP Triple Rear & 32 MP Front Camera
Samsung Galaxy S23 Ultra (12Gb Ram + 512Gb),"₹1,12,480",79,"Snapdragon 8 Gen 2, Octa Core, 3.36 Ghz Processor","12 Gb Ram, 512 Gb Inbuilt",5000 Mah Battery With 45W Fast Charging,"6.8 Inches, 1440 X 3088 Px, 120 Hz Display With Punch Hole",200 MP Quad Rear & 12 MP Front Camera
Xiaomi 13 Pro 5G,"₹74,998",79,"Snapdragon 8 Gen2, Octa Core, 3.2 Ghz Processor","12 Gb Ram, 256 Gb Inbuilt",4820 Mah Battery With 120W Fast Charging,"6.73 Inches, 1440 X 3200 Px, 120 Hz Display With Punch Hole",50 MP + 50 MP + 50 MP Triple Rear & 32 MP Front Camera
Samsung Galaxy M13 5G,"₹12,399",75,"Dimensity 700, Octa Core, 2.2 Ghz Processor","6 Gb Ram, 128 Gb Inbuilt",5000 Mah Battery With 15W Fast Charging,"6.5 Inches, 720 X 1600 Px, 90 Hz Display With Water Drop Notch",50 MP + 2 MP Dual Rear & 5 MP Front Camera
Samsung Galaxy F23 5G (6Gb Ram + 128Gb),"₹15,499",80,"Snapdragon  750G, Octa Core, 2.2 Ghz Processor","6 Gb Ram, 128 Gb Inbuilt",5000 Mah Battery With 25W Fast Charging,"6.6 Inches, 1080 X 2408 Px, 120 Hz Display With Water Drop Notch",50 MP + 8 MP + 2 MP Triple Rear & 8 MP Front Camera
Vivo T2 5G (8Gb Ram + 128Gb),"₹19,999",82,"Snapdragon 695, Octa Core, 2.2 Ghz Processor","8 Gb Ram, 128 Gb Inbuilt",4500 Mah Battery With 44W Fast Charging,"6.38 Inches, 1080 X 2400 Px, 90 Hz Display With Water Drop Notch",64 MP + 2 MP Dual Rear & 16 MP Front Camera
Samsung Galaxy Z Fold 5,"₹1,54,999",79,"Snapdragon 8 Gen 2, Octa Core, 3.36 Ghz Processor","12 Gb Ram, 256 Gb Inbuilt",4400 Mah Battery With 25W Fast Charging,"7.6 Inches, 1812 X 2176 Px, 120 Hz Display With Punch Hole","Foldable Display, Dual Display"
Lava Blaze Pro 5G,"₹12,968",79,"Dimensity 6020, Octa Core, 2.2 Ghz Processor","8 Gb Ram, 128 Gb Inbuilt",5000 Mah Battery With 33W Fast Charging,"6.78 Inches, 1080 X 2460 Px, 120 Hz Display With Punch Hole",50 MP + Depth Sensor Dual Rear & 8 MP Front Camera
Apple Iphone 15 Pro Max (1Tb),"₹1,99,900",89,"Bionic  A17 Pro, Hexa Core, 3.78 Ghz Processor","8 Gb Ram, 1 Tb Inbuilt",4422 Mah Battery With Fast Charging,"6.7 Inches, 1290 X 2796 Px, 120 Hz Display With Dynamic Island",48 MP + 12 MP + 12 MP Triple Rear & 12 MP Front Camera
Iqoo Neo 7 Pro (12Gb Ram + 256Gb),"₹35,999",84,"Snapdragon 8+ Gen1, Octa Core, 3.2 Ghz Processor","12 Gb Ram, 256 Gb Inbuilt",5000 Mah Battery With 120W Fast Charging,"6.78 Inches, 1080 X 2400 Px, 120 Hz Display With Punch Hole",50 MP + 8 MP + 2 MP Triple Rear & 16 MP Front Camera
Motorola Moto G73,"₹16,999",84,"Dimensity 930, Octa Core, 2.2 Ghz Processor","8 Gb Ram, 128 Gb Inbuilt",5000 Mah Battery With 30W Fast Charging,"6.5 Inches, 1080 X 2400 Px, 120 Hz Display With Punch Hole",50 MP + 8 MP Dual Rear & 16 MP Front Camera
Google Pixel 7 5G,"₹42,999",85,"Google Tensor G2, Octa Core, 2.85 Ghz Processor","8 Gb Ram, 128 Gb Inbuilt",4355 Mah Battery With 30W Fast Charging,"6.3 Inches, 1080 X 2400 Px, 90 Hz Display With Punch Hole",50 MP + 12 MP Dual Rear & 10.8 MP Front Camera
Oppo Reno8 5G,"₹26,999",83,"Dimensity 1300, Octa Core, 3 Ghz Processor","8 Gb Ram, 128 Gb Inbuilt",4500 Mah Battery With 80W Fast Charging,"6.43 Inches, 1080 X 2400 Px, 90 Hz Display With Punch Hole",50 MP + 8 MP + 2 MP Triple Rear & 32 MP Front Camera
Xiaomi Redmi Note 11,"₹6,884",76,"Snapdragon  680, Octa Core, 2.4 Ghz Processor","4 Gb Ram, 64 Gb Inbuilt",5000 Mah Battery With 33W Fast Charging,"6.43 Inches, 1080 X 2400 Px, 90 Hz Display With Punch Hole",50 MP Quad Rear & 13 MP Front Camera
Vivo Y17S,"₹11,499",70,"Helio G85, Octa Core, 2 Ghz Processor","4 Gb Ram, 64 Gb Inbuilt",5000 Mah Battery With 15W Fast Charging,"6.56 Inches, 720 X 1612 Px Display With Water Drop Notch",50 MP + 2 MP Dual Rear & 8 MP Front Camera
Nokia G11 Plus,"₹4,274",71,"Unisoc T606, Octa Core, 2 Ghz Processor","4 Gb Ram, 64 Gb Inbuilt",5000 Mah Battery With 10W Fast Charging,"6.52 Inches, 720 X 1600 Px, 90 Hz Display With Water Drop Notch",50 MP + 2 MP Dual Rear & 8 MP Front Camera
Realme 10 Pro Plus,"₹21,999",82,"Dimensity 1080, Octa Core, 2.6 Ghz Processor","6 Gb Ram, 128 Gb Inbuilt",5000 Mah Battery With 67W Fast Charging,"6.7 Inches, 1080 X 2412 Px, 120 Hz Display With Punch Hole",108 MP + 8 MP + 2 MP Triple Rear & 16 MP Front Camera
Oppo F21S Pro 4G,"₹9,213",82,"Snapdragon  680, Octa Core, 2.4 Ghz Processor","8 Gb Ram, 128 Gb Inbuilt",4500 Mah Battery With 33W Fast Charging,"6.43 Inches, 1080 X 2400 Px, 90 Hz Display With Punch Hole",64 MP + 2 MP + 2 MP Triple Rear & 32 MP Front Camera
Xiaomi Redmi Note 11S (6Gb Ram + 128Gb),"₹7,439",82,"Helio  G96, Octa Core, 2.05 Ghz Processor","6 Gb Ram, 128 Gb Inbuilt",5000 Mah Battery With 33W Fast Charging,"6.43 Inches, 1080 X 2400 Px, 90 Hz Display With Punch Hole",108 MP Quad Rear & 16 MP Front Camera
Realme Gt Neo 3 5G,"₹29,999",83,"Dimensity  8100, Octa Core, 2.85 Ghz Processor","8 Gb Ram, 128 Gb Inbuilt",5000 Mah Battery With 80W Fast Charging,"6.7 Inches, 1080 X 2412 Px, 120 Hz Display With Punch Hole",50 MP + 8 MP + 2 MP Triple Rear & 16 MP Front Camera
Samsung Galaxy M52 5G,"₹29,990",83,"Snapdragon 778G, Octa Core, 2.4 Ghz Processor","6 Gb Ram, 128 Gb Inbuilt",5000 Mah Battery With 25W Fast Charging,"6.7 Inches, 1080 X 2400 Px, 120 Hz Display With Punch Hole",64 MP + 12 MP + 5 MP Triple Rear & 32 MP Front Camera
Oneplus 10 Pro 5G,"₹48,999",89,"Snapdragon  8 Gen1, Octa Core, 3 Ghz Processor","8 Gb Ram, 128 Gb Inbuilt",5000 Mah Battery With 80W Fast Charging,"6.7 Inches, 1440 X 3216 Px, 120 Hz Display With Punch Hole",50 MP + 48 MP + 8 MP Triple Rear & 32 MP Front Camera
Samsung Galaxy S23 Fe 5G (8Gb Ram + 256Gb),"₹58,999",87,"Exynos 2200, Octa Core, 2.8 Ghz Processor","8 Gb Ram, 256 Gb Inbuilt",4500 Mah Battery With 25W Fast Charging,"6.4 Inches, 1080 X 2340 Px, 120 Hz Display With Punch Hole",50 MP + 12 MP + 8 MP Triple Rear & 10 MP Front Camera
Oppo A78 4G,"₹16,499",81,"Snapdragon 680, Octa Core, 2.4 Ghz Processor","8 Gb Ram, 128 Gb Inbuilt",5000 Mah Battery With 67W Fast Charging,"6.43 Inches, 1080 X 2400 Px, 90 Hz Display With Punch Hole",50 MP + 2 MP Dual Rear & 8 MP Front Camera
Vivo V27 Pro (12Gb Ram + 256Gb),"₹34,399",86,"Dimensity 8200, Octa Core, 3.1 Ghz Processor","12 Gb Ram, 256 Gb Inbuilt",4600 Mah Battery With 66W Fast Charging,"6.78 Inches, 1080 X 2400 Px, 120 Hz Display With Punch Hole",50 MP + 8 MP + 2 MP Triple Rear & 50 MP Front Camera
Xiaomi Redmi Note 12 (6Gb Ram + 128Gb),"₹16,930",80,"Snapdragon 4 Gen 1, Octa Core, 2 Ghz Processor","6 Gb Ram, 128 Gb Inbuilt",5000 Mah Battery With 33W Fast Charging,"6.67 Inches, 1080 X 2400 Px, 120 Hz Display With Punch Hole",48 MP + 8 MP + 2 MP Triple Rear & 13 MP Front Camera
Lava Blaze 5G,"₹9,499",73,"Dimensity 700 5G, Octa Core, 2.2 Ghz Processor","4 Gb Ram, 128 Gb Inbuilt",5000 Mah Battery,"6.5 Inches, 1600 X 720 Px, 90 Hz Display With Water Drop Notch",50 MP + 2 MP Triple Rear & 8 MP Front Camera
Realme 10,"₹10,869",74,"Helio G99, Octa Core, 2.2 Ghz Processor","4 Gb Ram, 64 Gb Inbuilt",5000 Mah Battery With 33W Fast Charging,"6.4 Inches, 1080 X 2400 Px, 90 Hz Display With Punch Hole",50 MP + 2 MP Dual Rear & 16 MP Front Camera
Oppo A77S,"₹6,959",76,"Snapdragon 680, Octa Core, 2.4 Ghz Processor","8 Gb Ram, 128 Gb Inbuilt",5000 Mah Battery With 33W Fast Charging,"6.56 Inches, 720 X 1600 Px, 90 Hz Display With Water Drop Notch",50 MP + 2 MP Dual Rear & 8 MP Front Camera
Vivo Y35,"₹10,879",79,"Snapdragon 680, Octa Core, 2.4 Ghz Processor","8 Gb Ram, 128 Gb Inbuilt",5000 Mah Battery With 44W Fast Charging,"6.58 Inches, 1080 X 2408 Px, 90 Hz Display With Water Drop Notch",50 MP + 2 MP + 2 MP Triple Rear & 16 MP Front Camera
Samsung Galaxy S22 Plus 5G,"₹59,999",87,"Snapdragon  8 Gen1, Octa Core, 3 Ghz Processor","8 Gb Ram, 128 Gb Inbuilt",4500 Mah Battery With 45W Fast Charging,"6.6 Inches, 1080 X 2340 Px, 120 Hz Display With Punch Hole",50 MP + 12 MP + 10 MP Triple Rear & 10 MP Front Camera
Ikall Z19 Pro,"₹7,304",60,"Quad Core, 1.6 Ghz Processor","4 Gb Ram, 64 Gb Inbuilt",5000 Mah Battery,"6.5 Inches, 720 X 1600 Px Display With Water Drop Notch",13 MP Rear & 8 MP Front Camera
Vivo X90 Pro 5G,"₹74,998",79,"Dimensity 9200, Octa Core, 3.05 Ghz Processor","12 Gb Ram, 256 Gb Inbuilt",4870 Mah Battery With 120W Fast Charging,"6.78 Inches, 1260 X 2800 Px, 120 Hz Display With Punch Hole",50 MP + 50 MP + 12 MP Triple Rear & 32 MP Front Camera
Infinix Hot 30 5G,"₹11,499",77,"Dimensity 6020, Octa Core, 2.2 Ghz Processor","4 Gb Ram, 128 Gb Inbuilt",6000 Mah Battery With 18W Fast Charging,"6.78 Inches, 1080 X 2460 Px, 120 Hz Display With Punch Hole",50 MP Dual Rear & 8 MP Front Camera
Samsung Galaxy A34 5G (8Gb Ram + 128Gb),"₹27,999",86,"Dimensity 1080, Octa Core, 2.6 Ghz Processor","8 Gb Ram, 128 Gb Inbuilt",5000 Mah Battery With 25W Fast Charging,"6.6 Inches, 1080 X 2340 Px, 120 Hz Display With Water Drop Notch",48 MP + 8 MP + 5 MP Triple Rear & 13 MP Front Camera
Realme C55,"₹9,999",73,"Helio G88, Octa Core, 2 Ghz Processor","4 Gb Ram, 64 Gb Inbuilt",5000 Mah Battery With 33W Fast Charging,"6.72 Inches, 1080 X 2400 Px, 90 Hz Display With Punch Hole",64 MP + 2 MP Dual Rear & 8 MP Front Camera
Apple Iphone 14 (256Gb),"₹66,999",81,"Bionic A15, Hexa Core, 3.22 Ghz Processor","6 Gb Ram, 256 Gb Inbuilt",3279 Mah Battery With Fast Charging,"6.1 Inches, 1170 X 2532 Px Display With Small Notch",12 MP + 12 MP Dual Rear & 12 MP Front Camera
Samsung Galaxy A53 5G (8Gb Ram + 128Gb),"₹28,799",89,"Exynos 1280, Octa Core, 2.4 Ghz Processor","8 Gb Ram, 128 Gb Inbuilt",5000 Mah Battery With 25W Fast Charging,"6.5 Inches, 1080 X 2400 Px, 120 Hz Display With Punch Hole",64 MP Quad Rear & 32 MP Front Camera
Tecno Pova 5 Pro 5G (8Gb Ram + 256Gb),"₹15,999",83,"Dimensity 6080, Octa Core, 2.4 Ghz Processor","8 Gb Ram, 256 Gb Inbuilt",5000 Mah Battery With 68W Fast Charging,"6.78 Inches, 1080 X 2460 Px, 120 Hz Display With Punch Hole",50 MP + 0.08 MP Dual Rear & 16 MP Front Camera
Xiaomi Redmi 12 4G (6Gb Ram + 128Gb),"₹10,499",77,"Helio G88, Octa Core, 2 Ghz Processor","6 Gb Ram, 128 Gb Inbuilt",5000 Mah Battery With 18W Fast Charging,"6.79 Inches, 1080 X 2460 Px, 90 Hz Display With Punch Hole",50 MP + 8 MP + 2 MP Triple Rear & 8 MP Front Camera
Realme C30S (4Gb Ram + 64Gb),"₹3,695",62,"Unisoc Sc9863A, Octa Core, 1.6 Ghz Processor","4 Gb Ram, 64 Gb Inbuilt",5000 Mah Battery With 10W Fast Charging,"6.5 Inches, 720 X 1600 Px Display With Water Drop Notch",8 MP Rear & 5 MP Front Camera
Apple Iphone 12 (128Gb),"₹45,999",75,"Bionic A14, Hexa Core, 3.1 Ghz Processor","4 Gb Ram, 128 Gb Inbuilt","6.1 Inches, 1170 X 2532 Px Display With Large Notch",12 Mp + 12 Mp Dual Rear & 12 Mp Front Camera,Memory Card Not Supported
Oppo F21 Pro 5G,"₹23,980",82,"Snapdragon 695, Octa Core, 2.2 Ghz Processor","8 Gb Ram, 128 Gb Inbuilt",4500 Mah Battery With 33W Fast Charging,"6.43 Inches, 1080 X 2400 Px Display With Punch Hole",64 MP + 2 MP + 2 MP Triple Rear & 16 MP Front Camera
Itel P40 (4Gb Ram + 128Gb),"₹7,099",61,"Spreadtrum  Sc9863A, Octa Core, 1.6 Ghz Processor","4 Gb Ram, 128 Gb Inbuilt",6000 Mah Battery With 18W Fast Charging,"6.6 Inches, 720 X 1612 Px Display With Water Drop Notch",13 MP Dual Rear & 5 MP Front Camera
Infinix Smart 7 (4Gb Ram + 128 Gb),"₹6,699",65,"Spreadtrum Sc9863A1, Octa Core, 1.6 Ghz Processor","4 Gb Ram, 128 Gb Inbuilt",6000 Mah Battery,"6.6 Inches, 720 X 1612 Px Display With Water Drop Notch",13 MP Dual Rear & 5 MP Front Camera
Oppo A58 4G,"₹13,999",77,"Helio G85 , Octa Core, 2 Ghz Processor","6 Gb Ram, 128 Gb Inbuilt",5000 Mah Battery With 33W Fast Charging,"6.72 Inches, 1080 X 2400 Px Display With Water Drop Notch",50 MP + 2 MP Dual Rear & 8 MP Front Camera
Poco M5 (6Gb Ram + 128Gb),"₹8,999",77,"Helio G99, Octa Core, 2.2 Ghz Processor","6 Gb Ram, 128 Gb Inbuilt",5000 Mah Battery With 18W Fast Charging,"6.58 Inches, 1080 X 2400 Px, 90 Hz Display With Water Drop Notch",50 MP + 2 MP + 2 MP Triple Rear & 8 MP Front Camera
Google Pixel 8 Pro,"₹1,06,999",81,"Tensor G3, Nine Cores, 3 Ghz Processor","12 Gb Ram, 128 Gb Inbuilt",5050 Mah Battery With 30W Fast Charging,"6.7 Inches, 1344 X 2992 Px, 120 Hz Display With Punch Hole",50 MP + 48 MP + 48 MP Triple Rear & 10.5 MP Front Camera
Motorola Edge 30 Fusion 5G,"₹34,999",88,"Snapdragon 888+, Octa Core, 2.9 Ghz Processor","8 Gb Ram, 128 Gb Inbuilt",4400 Mah Battery With 68W Fast Charging,"6.55 Inches, 1080 X 2400 Px, 144 Hz Display With Punch Hole",50 MP + 13 MP + 2 MP Triple Rear & 32 MP Front Camera
Google Pixel 6A,"₹30,999",71,"Google  Tensor, Octa Core Processor","6 Gb Ram, 128 Gb Inbuilt",4410 Mah Battery With Fast Charging,"6.14 Inches, 1080 X 2400 Px Display With Punch Hole",12.2 MP + 12 MP Dual Rear & 8 MP Front Camera
Motorola Moto E13,"₹5,999",64,"Tiger T606, Octa Core, 2 Ghz Processor","2 Gb Ram, 64 Gb Inbuilt",5000 Mah Battery With 10W Fast Charging,"6.5 Inches, 720 X 1600 Px Display With Water Drop Notch",13 MP Rear & 5 MP Front Camera
Realme Gt Neo 3 5G (12Gb Ram + 256Gb),"₹27,733",84,"Dimensity  8100, Octa Core, 2.85 Ghz Processor","12 Gb Ram, 256 Gb Inbuilt",4500 Mah Battery With 150W Fast Charging,"6.7 Inches, 1080 X 2412 Px, 120 Hz Display With Punch Hole",50 MP + 8 MP + 2 MP Triple Rear & 16 MP Front Camera
Nokia G42 5G (8Gb Ram + 256Gb),"₹16,999",79,"Snapdragon  480+, Octa Core, 2.2 Ghz Processor","8 Gb Ram, 256 Gb Inbuilt",5000 Mah Battery With 20W Fast Charging,"6.56 Inches, 720 X 1612 Px, 90 Hz Display With Water Drop Notch",50 MP + 2 MP + 2 MP Triple Rear & 8 MP Front Camera
Itel S23,"₹8,489",75,"Octa Core, 1.6 Ghz Processor","8 Gb Ram, 128 Gb Inbuilt",5000 Mah Battery With 10W Fast Charging,"6.6 Inches, 1600 X 720 Px, 90 Hz Display With Water Drop Notch",50 MP + 0.08 MP Dual Rear & 8 MP Front Camera
Tecno Camon 19 Pro 5G,"₹13,999",82,"Dimensity 810 5G, Octa Core, 2.4 Ghz Processor","8 Gb Ram, 128 Gb Inbuilt",5000 Mah Battery With 33W Fast Charging,"6.8 Inches, 1080 X 2460 Px, 120 Hz Display With Punch Hole",64 MP + 2 MP + 2 MP Triple Rear & 16 MP Front Camera
Poco M5,"₹8,499",74,"Helio G99, Octa Core, 2.2 Ghz Processor","4 Gb Ram, 64 Gb Inbuilt",5000 Mah Battery With 18W Fast Charging,"6.58 Inches, 1080 X 2400 Px, 90 Hz Display With Water Drop Notch",50 MP + 2 MP + 2 MP Triple Rear & 8 MP Front Camera
Nothing Phone 2 (12Gb Ram + 512Gb),"₹44,949",89,"Snapdragon 8+ Gen1, Octa Core, 3.2 Ghz Processor","12 Gb Ram, 512 Gb Inbuilt",4700 Mah Battery With 45W Fast Charging,"6.7 Inches, 1080 X 2412 Px, 120 Hz Display With Punch Hole",50 MP + 50 MP Dual Rear & 32 MP Front Camera
Itel P55 5G,"₹9,989",72,"Dimensity 6080, Octa Core, 2.4 Ghz Processor","4 Gb Ram, 64 Gb Inbuilt",5000 Mah Battery With 18W Fast Charging,"6.6 Inches, 1600 X 720 Px, 90 Hz Display With Water Drop Notch",50 MP Dual Rear & 8 MP Front Camera
Samsung Galaxy A14 5G (8Gb Ram + 128Gb),"₹18,699",82,"Exynos 1330, Octa Core, 2.4 Ghz Processor","8 Gb Ram, 128 Gb Inbuilt",5000 Mah Battery With 15W Fast Charging,"6.6 Inches, 1080 X 2408 Px, 90 Hz Display With Water Drop Notch",50 MP + 2 MP + 2 MP Triple Rear & 13 MP Front Camera
Infinix Zero Ultra,"₹29,999",88,"Dimensity 920 5G, Octa Core, 2.5 Ghz Processor","8 Gb Ram, 256 Gb Inbuilt",4500 Mah Battery With 180W Fast Charging,"6.8 Inches, 1080 X 2400 Px, 120 Hz Display With Punch Hole",200 MP + 13 MP + 2 MP Triple Rear & 32 MP Front Camera
Samsung Galaxy F23 5G,"₹14,499",78,"Snapdragon 750G, Octa Core, 2.2 Ghz Processor","4 Gb Ram, 128 Gb Inbuilt",5000 Mah Battery With 25W Fast Charging,"6.6 Inches, 1080 X 2408 Px, 120 Hz Display With Water Drop Notch",50 MP + 8 MP + 2 MP Triple Rear & 8 MP Front Camera
Vivo V25 5G,"₹24,185",83,"Dimensity  900, Octa Core, 2 Ghz Processor","8 Gb Ram, 128 Gb Inbuilt",4500 Mah Battery With 44W Fast Charging,"6.44 Inches, 1080 X 2408 Px, 90 Hz Display With Water Drop Notch",64 MP + 8 MP + 2 MP Triple Rear & 50 MP Front Camera
Xiaomi Redmi Note 11T 5G (8Gb Ram + 128Gb),"₹14,999",83,"Dimensity  810 5G, Octa Core, 2.4 Ghz Processor","8 Gb Ram, 128 Gb Inbuilt",5000 Mah Battery With 33W Fast Charging,"6.6 Inches, 1080 X 2400 Px, 90 Hz Display With Punch Hole",50 MP + 8 MP Dual Rear & 16 MP Front Camera
Iqoo 9 Pro 5G,"₹42,740",87,"Snapdragon 8 Gen1, Octa Core, 3 Ghz Processor","8 Gb Ram, 256 Gb Inbuilt",4700 Mah Battery With 120W Fast Charging,"6.78 Inches, 1440 X 3200 Px, 120 Hz Display With Punch Hole",50 MP + 50 MP + 16 MP Triple Rear & 16 MP Front Camera
Nokia 105 Classic 2023,₹999,79,"4 Mb Ram, 4 Mb Inbuilt",800 Mah Battery,"1.77 Inches, 128 X 160 Px Display",No Rear Camera,S30+
Xiaomi Redmi A2 (2Gb Ram + 64Gb),"₹5,299",63,"Helio G36, Octa Core, 2.2 Ghz Processor","2 Gb Ram, 64 Gb Inbuilt",5000 Mah Battery With 10W Fast Charging,"6.52 Inches, 720 X 1600 Px Display With Water Drop Notch",8 MP + Depth Sensor Dual Rear & 5 MP Front Camera
Vivo Y27 4G,"₹13,999",76,"Helio G85, Octa Core, 2 Ghz Processor","6 Gb Ram, 128 Gb Inbuilt",5000 Mah Battery With 44W Fast Charging,"6.64 Inches, 1080 X 2388 Px Display With Water Drop Notch",50 MP + 2 MP Dual Rear & 8 MP Front Camera
Motorola Razr 40,"₹49,999",88,"Snapdragon 7 Gen1, Octa Core, 2.4 Ghz Processor","8 Gb Ram, 128 Gb Inbuilt",4200 Mah Battery With 30W Fast Charging,"6.9 Inches, 1080 X 2640 Px, 144 Hz Display With Punch Hole","Foldable Display, Dual Display"
Vivo Y36 4G,"₹14,999",80,"Snapdragon 680, Octa Core, 2.4 Ghz Processor","8 Gb Ram, 128 Gb Inbuilt",5000 Mah Battery With 44W Fast Charging,"6.64 Inches, 1080 X 2388 Px, 90 Hz Display With Water Drop Notch",50 MP + 2 MP Dual Rear & 16 MP Front Camera
Infinix Zero 5G 2023,"₹15,999",84,"Dimensity 920 5G, Octa Core, 2.5 Ghz Processor","8 Gb Ram, 128 Gb Inbuilt",5000 Mah Battery With 33W Fast Charging,"6.78 Inches, 1080 X 2460 Px, 120 Hz Display With Punch Hole",50 MP + 2 MP + 2 MP Triple Rear & 16 MP Front Camera
Iqoo 11 5G,"₹51,999",87,"Snapdragon 8 Gen2, Octa Core, 3.2 Ghz Processor","8 Gb Ram, 256 Gb Inbuilt",5000 Mah Battery With 120W Fast Charging,"6.78 Inches, 1440 X 3200 Px, 144 Hz Display With Punch Hole",50 MP + 13 MP + 8 MP Triple Rear & 16 MP Front Camera
Vivo T1 44W (6Gb Ram + 128Gb),"₹15,980",79,"Snapdragon 680, Octa Core, 2.4 Ghz Processor","6 Gb Ram, 128 Gb Inbuilt",5000 Mah Battery With 44W Fast Charging,"6.44 Inches, 1080 X 2408 Px Display With Water Drop Notch",50 MP + 2 MP + 2 MP Triple Rear & 16 MP Front Camera
Poco X4 Pro 5G,"₹15,400",80,"Snapdragon 695 , Octa Core, 2.2 Ghz Processor","6 Gb Ram, 64 Gb Inbuilt",5000 Mah Battery With 67W Fast Charging,"6.67 Inches, 1080 X 2400 Px, 120 Hz Display With Punch Hole",64 MP + 8 MP + 2 MP Triple Rear & 16 MP Front Camera
Apple Iphone 15 Pro Max (512Gb),"₹1,79,900",89,"Bionic  A17 Pro, Hexa Core, 3.78 Ghz Processor","8 Gb Ram, 512 Gb Inbuilt",4422 Mah Battery With Fast Charging,"6.7 Inches, 1290 X 2796 Px, 120 Hz Display With Dynamic Island",48 MP + 12 MP + 12 MP Triple Rear & 12 MP Front Camera
Oppo A38,"₹12,999",72,"Helio G85, Octa Core, 2 Ghz Processor","4 Gb Ram, 128 Gb Inbuilt",5000 Mah Battery With 33W Fast Charging,"6.56 Inches, 720 X 1612 Px, 90 Hz Display With Water Drop Notch",50 MP + 2 MP Dual Rear & 5 MP Front Camera
Jio Bharat K1 Karbonn,₹999,79,No Wifi,Asr,"512 Mb Ram, 4 Gb Inbuilt",1000 Mah Battery,"1.77 inches, 240 x 320 px Display"
Xiaomi Redmi 12C (4Gb Ram + 128Gb),"₹7,815",72,"Helio  G85, Octa Core, 2 Ghz Processor","4 Gb Ram, 128 Gb Inbuilt",5000 Mah Battery,"6.71 Inches, 720 X 1650 Px Display With Water Drop Notch",50 MP + Depth Sensor Dual Rear & 5 MP Front Camera
Nothing Phone 1 (8Gb Ram + 256Gb),"₹29,999",86,"Snapdragon 778G Plus, Octa Core, 2.5 Ghz Processor","8 Gb Ram, 256 Gb Inbuilt",4500 Mah Battery With 33W Fast Charging,"6.55 Inches, 1080 X 2400 Px, 120 Hz Display With Punch Hole",50 MP + 50 MP Dual Rear & 16 MP Front Camera
Xiaomi Redmi 10 Power,"₹9,899",77,"Snapdragon 680, Octa Core, 2.4 Ghz Processor","8 Gb Ram, 128 Gb Inbuilt",6000 Mah Battery With 18W Fast Charging,"6.7 Inches, 720 X 1650 Px Display With Punch Hole",50 MP + 2 MP Dual Rear & 5 MP Front Camera
Xiaomi Redmi Note 11 (6Gb Ram + 128Gb),"₹13,990",80,"Snapdragon  680, Octa Core, 2.4 Ghz Processor","6 Gb Ram, 128 Gb Inbuilt",5000 Mah Battery With 33W Fast Charging,"6.43 Inches, 1080 X 2400 Px, 90 Hz Display With Punch Hole",50 MP Quad Rear & 13 MP Front Camera
Samsung Galaxy A23,"₹19,489",79,"Snapdragon  680, Octa Core, 2.4 Ghz Processor","6 Gb Ram, 128 Gb Inbuilt",5000 Mah Battery With 25W Fast Charging,"6.6 Inches, 1080 X 2408 Px Display With Water Drop Notch",50 MP Quad Rear & 8 MP Front Camera
Samsung Galaxy A33 5G,"₹24,450",82,"Exynos  1280, Octa Core, 2.4 Ghz Processor","6 Gb Ram, 128 Gb Inbuilt",5000 Mah Battery With 25W Fast Charging,"6.4 Inches, 1080 X 2400 Px, 90 Hz Display With Punch Hole",48 MP Quad Rear & 13 MP Front Camera
Apple Iphone 15 (256Gb),"₹89,900",84,"Bionic  A16, Hexa Core, 3.46 Ghz Processor","6 Gb Ram, 256 Gb Inbuilt",3349 Mah Battery With Fast Charging,"6.1 Inches, 1179 X 2556 Px Display With Dynamic Island",48 MP + 12 MP Dual Rear & 12 MP Front Camera
Vivo Y02T 4G,"₹8,999",64,"Helio P35, Octa Core, 2.3 Ghz Processor","4 Gb Ram, 64 Gb Inbuilt",5000 Mah Battery With 18W Fast Charging,"6.51 Inches, 720 X 1600 Px Display With Water Drop Notch",8 MP Rear & 5 MP Front Camera
Realme Narzo N55 (6Gb Ram + 128Gb),"₹10,999",76,"Helio G88, Octa Core, 2 Ghz Processor","6 Gb Ram, 128 Gb Inbuilt",5000 Mah Battery With 33W Fast Charging,"6.72 Inches, 1080 X 2400 Px, 90 Hz Display With Punch Hole",64 MP + 2 MP Dual Rear & 8 MP Front Camera
Samsung Galaxy S23 Plus,"₹94,999",89,"Snapdragon 8 Gen 2, Octa Core, 3.36 Ghz Processor","8 Gb Ram, 256 Gb Inbuilt",4700 Mah Battery With 45W Fast Charging,"6.6 Inches, 1080 X 2340 Px, 120 Hz Display With Punch Hole",50 MP + 12 MP + 10 MP Triple Rear & 12 MP Front Camera
Xiaomi Mi 11 Lite Ne 5G (8Gb Ram + 128Gb),"₹20,890",86,"Snapdragon  778G , Octa Core, 2.4 Ghz Processor","8 Gb Ram, 128 Gb Inbuilt",4250 Mah Battery With 33W Fast Charging,"6.55 Inches, 1080 X 2400 Px, 90 Hz Display With Punch Hole",64 MP + 8 MP + 5 MP Triple Rear & 20 MP Front Camera
Apple Iphone 13 (256Gb),"₹60,999",79,"Bionic A15, Hexa Core, 3.22 Ghz Processor","4 Gb Ram, 256 Gb Inbuilt",3240 Mah Battery With Fast Charging,"6.1 Inches, 1170 X 2532 Px Display With Small Notch",12 MP + 12 MP Dual Rear & 12 MP Front Camera
Xiaomi Mi 11X Pro 5G (8Gb Ram + 256Gb),"₹19,796",86,"Snapdragon 888, Octa Core, 2.84 Ghz Processor","8 Gb Ram, 256 Gb Inbuilt",4520 Mah Battery With 33W Fast Charging,"6.67 Inches, 1080 X 2400 Px, 120 Hz Display With Punch Hole",108 MP + 8 MP + 5 MP Triple Rear & 20 MP Front Camera
Vivo V27 (12Gb Ram + 256Gb),"₹35,890",86,"Dimensity 7200, Octa Core, 2.8 Ghz Processor","12 Gb Ram, 256 Gb Inbuilt",4600 Mah Battery With 66W Fast Charging,"6.78 Inches, 1080 X 2400 Px, 120 Hz Display With Punch Hole",50 MP + 8 MP + 2 MP Triple Rear & 50 MP Front Camera
Xiaomi Redmi Note 12 Pro Plus (12Gb Ram + 256Gb),"₹30,999",87,"Dimensity 1080, Octa Core, 2.6 Ghz Processor","12 Gb Ram, 256 Gb Inbuilt",4980 Mah Battery With 120W Fast Charging,"6.67 Inches, 1080 X 2400 Px, 120 Hz Display With Punch Hole",200 MP + 8 MP + 2 MP Triple Rear & 16 MP Front Camera
Google Pixel 8,"₹75,999",77,"Tensor G3, Nine Core, 3 Ghz Processor","8 Gb Ram, 128 Gb Inbuilt",4575 Mah Battery With 30W Fast Charging,"6.2 Inches, 1080 X 2400 Px, 120 Hz Display With Punch Hole",50 MP + 12 MP Dual Rear & 10.5 MP Front Camera
Oneplus 10T,"₹39,999",85,"Snapdragon 8+ Gen1, Octa Core, 3.2 Ghz Processor","8 Gb Ram, 128 Gb Inbuilt",4800 Mah Battery With 150W Fast Charging,"6.7 Inches, 1080 X 2412 Px, 120 Hz Display With Punch Hole",50 MP + 8 MP + 2 MP Triple Rear & 16 MP Front Camera
Oneplus 10R 5G (12Gb Ram + 256Gb),"₹28,799",85,"Dimensity 8100 Max, Octa Core, 2.85 Ghz Processor","12 Gb Ram, 256 Gb Inbuilt",5000 Mah Battery With 80W Fast Charging,"6.7 Inches, 1080 X 2412 Px, 120 Hz Display With Punch Hole",50 MP + 8 MP + 2 MP Triple Rear & 16 MP Front Camera
Vivo X80 Pro 5G,"₹59,999",79,"Snapdragon  8 Gen1, Octa Core, 3 Ghz Processor","12 Gb Ram, 256 Gb Inbuilt",4700 Mah Battery With 80W Fast Charging,"6.78 Inches, 1440 X 3200 Px, 120 Hz Display With Punch Hole",50 MP Quad Rear & 32 MP Front Camera
Vivo V23 Pro 5G,"₹29,385",85,"Dimensity 1200, Octa Core, 3 Ghz Processor","8 Gb Ram, 128 Gb Inbuilt",4300 Mah Battery With 44W Fast Charging,"6.56 Inches, 1080 X 2376 Px, 90 Hz Display With Small Notch",108 MP + 8 MP + 2 MP Triple Rear & 50 MP + 8 MP Dual Front Camera
Vivo Y21 2021,"₹12,158",69,"Helio P35, Octa Core, 2.3 Ghz Processor","4 Gb Ram, 64 Gb Inbuilt",5000 Mah Battery With 18W Fast Charging,"6.51 Inches, 720 X 1600 Px Display With Water Drop Notch",13 MP + 2 MP Dual Rear & 8 MP Front Camera
Samsung Galaxy Z Flip 3,"₹48,790",83,"Snapdragon 888, Octa Core, 2.84 Ghz Processor","8 Gb Ram, 128 Gb Inbuilt",3300 Mah Battery With 15W Fast Charging,"6.7 Inches, 1080 X 2640 Px, 120 Hz Display With Punch Hole","Foldable Display, Dual Display"
Realme 11 Pro (12Gb Ram + 256Gb),"₹27,499",85,"Dimensity 7050, Octa Core, 2.6 Ghz Processor","12 Gb Ram, 256 Gb Inbuilt",5000 Mah Battery With 67W Fast Charging,"6.7 Inches, 1080 X 2412 Px, 120 Hz Display With Punch Hole",100 MP + 2 MP Dual Rear & 16 MP Front Camera
Oppo Find N3 Flip,"₹94,999",79,"Dimensity 9200, Octa Core, 3.05 Ghz Processor","12 Gb Ram, 256 Gb Inbuilt",4300 Mah Battery With 44W Fast Charging,"6.8 Inches, 1080 X 2520 Px, 120 Hz Display With Punch Hole","Foldable Display, Dual Display"
Realme 10 (8Gb Ram + 128Gb),"₹13,999",79,"Helio G99, Octa Core, 2.2 Ghz Processor","8 Gb Ram, 128 Gb Inbuilt",5000 Mah Battery With 33W Fast Charging,"6.4 Inches, 1080 X 2400 Px, 90 Hz Display With Punch Hole",50 MP + 2 MP Dual Rear & 16 MP Front Camera
Apple Iphone 14 Plus (256Gb),"₹85,990",82,"Bionic A15, Hexa Core, 3.22 Ghz Processor","6 Gb Ram, 256 Gb Inbuilt",4325 Mah Battery With Fast Charging,"6.7 Inches, 1284 X 2778 Px Display With Small Notch",12 MP + 12 MP Dual Rear & 12 MP Front Camera
Lava O1,"₹6,999",63,"Unisoc T606, Octa Core, 2 Ghz Processor","4 Gb Ram, 64 Gb Inbuilt",5000 Mah Battery With 18W Fast Charging,"6.56 Inches, 1600 X 720 Px, 90 Hz Display With Water Drop Notch",13 MP + 0.08 MP Dual Rear & 5 MP Front Camera
Realme 9I 5G (6Gb Ram + 128Gb),"₹10,199",78,"Dimensity 810 5G, Octa Core, 2.4 Ghz Processor","6 Gb Ram, 128 Gb Inbuilt",5000 Mah Battery With 18W Fast Charging,"6.6 Inches, 1080 X 2408 Px, 90 Hz Display With Punch Hole",50 MP + 2 MP + 2 MP Triple Rear & 8 MP Front Camera
Vivo X90 5G,"₹58,999",89,"Dimensity 9200, Octa Core, 3.05 Ghz Processor","8 Gb Ram, 256 Gb Inbuilt",4810 Mah Battery With 120W Fast Charging,"6.78 Inches, 1260 X 2800 Px, 120 Hz Display With Punch Hole",50 MP + 12 MP + 12 MP Triple Rear & 32 MP Front Camera
Poco M4 5G,"₹10,997",75,"Dimensity 700 5G, Octa Core, 2.2 Ghz Processor","4 Gb Ram, 64 Gb Inbuilt",5000 Mah Battery With 18W Fast Charging,"6.58 Inches, 1080 X 2400 Px, 90 Hz Display With Water Drop Notch",50 MP + 2 MP Dual Rear & 8 MP Front Camera
Xiaomi 11T Pro 5G (12Gb Ram + 256Gb),"₹49,990",88,"Snapdragon  888 , Octa Core, 2.84 Ghz Processor","12 Gb Ram, 256 Gb Inbuilt",5000 Mah Battery With 120W Fast Charging,"6.67 Inches, 1080 X 2400 Px, 120 Hz Display With Punch Hole",108 MP + 8 MP + 5 MP Triple Rear & 16 MP Front Camera
Samsung Galaxy A03 Core,"₹3,359",79,"Unisoc  Sc9836A, Quad Core, 1.6 Ghz Processor","2 Gb Ram, 32 Gb Inbuilt",5000 Mah Battery,"6.5 Inches, 720 X 1600 Px Display With Water Drop Notch",8 MP Rear & 5 MP Front Camera
Realme 8I,"₹6,719",74,"Helio G96, Octa Core, 2.05 Ghz Processor","4 Gb Ram, 64 Gb Inbuilt",5000 Mah Battery With 18W Fast Charging,"6.6 Inches, 1080 X 2412 Px, 120 Hz Display With Punch Hole",50 MP + 2 MP + 2 MP Triple Rear & 16 MP Front Camera
Xiaomi Mi 11X Pro,"₹24,749",85,"Snapdragon 888, Octa Core, 2.84 Ghz Processor","8 Gb Ram, 128 Gb Inbuilt",4520 Mah Battery With 33W Fast Charging,"6.67 Inches, 1080 X 2400 Px, 120 Hz Display With Punch Hole",108 MP + 8 MP + 5 MP Triple Rear & 20 MP Front Camera
Samsung Galaxy Note 20 Ultra 5G,"₹77,800",79,"Exynos 990, Octa Core, 2.73 Ghz Processor","12 Gb Ram, 256 Gb Inbuilt",4500 Mah Battery With 25W Fast Charging,"6.9 Inches, 1440 X 3088 Px, 120 Hz Display With Punch Hole",108 MP + 12 MP + 12 MP Triple Rear & 10 MP Front Camera
Apple Iphone 11 (128Gb),"₹41,990",75,"A13 Bionic, Hexa Core, 2.65 Ghz Processor","4 Gb Ram, 128 Gb Inbuilt",3110 Mah Battery,"6.1 Inches, 828 X 1792 Px Display With Large Notch",12 MP + 12 MP Dual Rear & 12 MP Front Camera
Realme Narzo N53 (8Gb Ram + 128Gb),"₹10,999",75,"Unisoc T612, Octa Core, 1.8 Ghz Processor","8 Gb Ram, 128 Gb Inbuilt",5000 Mah Battery With 33W Fast Charging,"6.74 Inches, 720 X 1600 Px, 90 Hz Display With Punch Hole",50 MP + Depth Sensor Dual Rear & 8 MP Front Camera
Realme C53 (6Gb Ram + 64Gb),"₹10,499",76,"Tiger T612, Octa Core, 1.82 Ghz Processor","6 Gb Ram, 64 Gb Inbuilt",5000 Mah Battery With 18W Fast Charging,"6.74 Inches, 1080 X 2400 Px, 90 Hz Display With Water Drop Notch",108 MP + 2 MP Dual Rear & 8 MP Front Camera
Lava Blaze 5G (6Gb Ram + 128Gb),"₹9,999",75,"Dimensity 700 5G, Octa Core, 2.2 Ghz Processor","6 Gb Ram, 128 Gb Inbuilt",5000 Mah Battery,"6.5 Inches, 1600 X 720 Px, 90 Hz Display With Water Drop Notch",50 MP + 2 MP Triple Rear & 8 MP Front Camera
Vivo Y22 (6Gb Ram + 128Gb),"₹12,399",75,"Helio G70, Octa Core, 2 Ghz Processor","6 Gb Ram, 128 Gb Inbuilt",5000 Mah Battery With 18W Fast Charging,"6.55 Inches, 720 X 1612 Px Display With Water Drop Notch",50 MP + 2 MP Dual Rear & 8 MP Front Camera
Apple Iphone 14 Pro Max (1Tb),"₹1,77,999",87,"Bionic  A16, Hexa Core, 3.46 Ghz Processor","6 Gb Ram, 1 Tb Inbuilt",4323 Mah Battery With Fast Charging,"6.7 Inches, 1290 X 2796 Px, 120 Hz Display",48 MP + 12 MP + 12 MP Triple Rear & 12 MP Front Camera
Tecno Camon 19 Neo,"₹8,999",77,"Helio  G85, Octa Core, 2 Ghz Processor","6 Gb Ram, 128 Gb Inbuilt",5000 Mah Battery With 18W Fast Charging,"6.8 Inches, 1080 X 2400 Px, 90 Hz Display With Punch Hole",48 MP + 2 MP Triple Rear & 32 MP Front Camera
Motorola Moto G32,"₹10,999",75,"Snapdragon 680, Octa Core, 2.4 Ghz Processor","4 Gb Ram, 64 Gb Inbuilt",5000 Mah Battery With 33W Fast Charging,"6.55 Inches, 1080 X 2400 Px, 90 Hz Display With Punch Hole",50 MP + 8 MP + 2 MP Triple Rear & 16 MP Front Camera
Samsung Galaxy F13,"₹9,199",74,"Exynos 850, Octa Core, 2 Ghz Processor","4 Gb Ram, 64 Gb Inbuilt",6000 Mah Battery With 15W Fast Charging,"6.6 Inches, 2408 X 1080 Px Display With Water Drop Notch",50 MP + 5 MP + 2 MP Triple Rear & 8 MP Front Camera
Samsung Galaxy A33 5G (8Gb Ram + 128Gb),"₹16,076",85,"Exynos  1280, Octa Core, 2.4 Ghz Processor","8 Gb Ram, 128 Gb Inbuilt",5000 Mah Battery With 25W Fast Charging,"6.4 Inches, 1080 X 2400 Px, 90 Hz Display With Punch Hole",48 MP Quad Rear & 13 MP Front Camera
Samsung Galaxy S22 Ultra 5G (12Gb Ram + 512Gb),"₹92,999",79,"Snapdragon  8 Gen1, Octa Core, 3 Ghz Processor","12 Gb Ram, 512 Gb Inbuilt",5000 Mah Battery With 45W Fast Charging,"6.8 Inches, 1440 X 3080 Px, 120 Hz Display With Punch Hole",108 MP Quad Rear & 40 MP Front Camera
Iqoo Z6 5G,"₹14,499",78,"Snapdragon  695 , Octa Core, 2.2 Ghz Processor","4 Gb Ram, 128 Gb Inbuilt",5000 Mah Battery With 18W Fast Charging,"6.58 Inches, 1080 X 2408 Px, 120 Hz Display With Water Drop Notch",50 MP + 2 MP + 2 MP Triple Rear & 16 MP Front Camera
Samsung Galaxy A53 5G,"₹27,990",87,"Exynos 1280, Octa Core, 2.4 Ghz Processor","6 Gb Ram, 128 Gb Inbuilt",5000 Mah Battery With 25W Fast Charging,"6.5 Inches, 1080 X 2400 Px, 120 Hz Display With Punch Hole",64 MP Quad Rear & 32 MP Front Camera
Motorola Moto A10G,"₹1,499",79,1.5 Mhz Processor,"4 Mb Ram, 32 Mb Inbuilt",800 Mah Battery,"1.8 Inches, 160 X 128 Px Display",No Rear Camera
Tecno Spark 10 Pro (8Gb Ram + 256 Gb),"₹14,799",81,"Helio  G88, Octa Core, 2 Ghz Processor","8 Gb Ram, 256 Gb Inbuilt",5000 Mah Battery With 18W Fast Charging,"6.8 Inches, 1080 X 2460 Px, 90 Hz Display With Punch Hole",50 MP Dual Rear & 32 MP Front Camera
Itel P40 Plus,"₹7,999",63,"Unisoc T606, Octa Core, 2 Ghz Processor","4 Gb Ram, 128 Gb Inbuilt",7000 Mah Battery With 18W Fast Charging,"6.8 Inches, 720 X 1640 Px, 90 Hz Display With Punch Hole",13 MP Dual Rear & 8 MP Front Camera
Vivo Y100A,"₹19,799",82,"Snapdragon 695, Octa Core, 2.2 Ghz Processor","8 Gb Ram, 128 Gb Inbuilt",4500 Mah Battery With 44W Fast Charging,"6.38 Inches, 1080 X 2400 Px, 90 Hz Display With Punch Hole",64 MP + 2 MP + 2 MP Triple Rear & 16 MP Front Camera
Samsung Galaxy M33 5G (8Gb Ram + 128Gb),"₹17,999",84,"Exynos  1280, Octa Core, 2.4 Ghz Processor","8 Gb Ram, 128 Gb Inbuilt",6000 Mah Battery With 25W Fast Charging,"6.6 Inches, 1080 X 2400 Px, 120 Hz Display With Water Drop Notch",50 MP Quad Rear & 8 MP Front Camera
Samsung Galaxy S22 5G (8Gb Ram + 256Gb),"₹58,999",87,"Snapdragon  8 Gen1, Octa Core, 3 Ghz Processor","8 Gb Ram, 256 Gb Inbuilt",3700 Mah Battery With 25W Fast Charging,"6.1 Inches, 1080 X 2340 Px, 120 Hz Display With Punch Hole",50 MP + 12 MP + 10 MP Triple Rear & 10 MP Front Camera
Xiaomi Redmi Note 11 (6Gb Ram + 64Gb),"₹7,394",79,"Snapdragon  680, Octa Core, 2.4 Ghz Processor","6 Gb Ram, 64 Gb Inbuilt",5000 Mah Battery With 33W Fast Charging,"6.43 Inches, 1080 X 2400 Px, 90 Hz Display With Punch Hole",50 MP Quad Rear & 13 MP Front Camera
Xiaomi Mi 10T 5G,"₹22,999",80,"Snapdragon 865, Octa Core, 2.84 Ghz Processor","6 Gb Ram, 128 Gb Inbuilt",5000 Mah Battery With 33W Fast Charging,"6.67 Inches, 2400 X 1080 Px, 144 Hz Display With Punch Hole",64 MP + 13 MP + 5 MP Triple Rear & 20 MP Front Camera
Nokia 105 Dual Sim (2019),₹584,79,"4 Mb Ram, 4 Mb Inbuilt",800 Mah Battery,"1.77 Inches, 128 X 160 Px Display",No Rear Camera,Bluetooth
Apple Iphone 15 Pro (256Gb),"₹1,44,900",88,"Bionic  A17 Pro, Hexa Core, 3.78 Ghz Processor","8 Gb Ram, 256 Gb Inbuilt",3274 Mah Battery With Fast Charging,"6.1 Inches, 1179 X 2556 Px, 120 Hz Display With Dynamic Island",48 MP + 12 MP + 12 MP Triple Rear & 12 MP Front Camera
Poco C51 (6Gb Ram + 128 Gb),"₹7,499",70,"Helio G36, Octa Core, 2.2 Ghz Processor","6 Gb Ram, 128 Gb Inbuilt",5000 Mah Battery With 10W Fast Charging,"6.52 Inches, 720 X 1600 Px Display With Water Drop Notch",8 MP + 0.08 MP Dual Rear & 5 MP Front Camera
Tecno Camon 20,"₹14,376",83,"Helio G85, Octa Core, 2 Ghz Processor","8 Gb Ram, 256 Gb Inbuilt",5000 Mah Battery With 33W Fast Charging,"6.67 Inches, 1080 X 2400 Px Display With Punch Hole",64 MP + 2 MP Triple Rear & 32 MP Front Camera
Realme C55 (6Gb Ram + 64Gb),"₹10,199",75,"Helio G88, Octa Core, 2 Ghz Processor","6 Gb Ram, 64 Gb Inbuilt",5000 Mah Battery With 33W Fast Charging,"6.72 Inches, 1080 X 2400 Px, 90 Hz Display With Punch Hole",64 MP + 2 MP Dual Rear & 8 MP Front Camera
Samsung Galaxy M04 (4Gb Ram + 128Gb),"₹7,499",68,"Helio P35, Octa Core, 2.3 Ghz Processor","4 Gb Ram, 128 Gb Inbuilt",5000 Mah Battery With 15W Fast Charging,"6.5 Inches, 720 X 1600 Px Display With Water Drop Notch",13 MP + 2 MP Dual Rear & 5 MP Front Camera
Motorola Moto G13,"₹9,999",75,"Helio G85, Octa Core, 2 Ghz Processor","4 Gb Ram, 128 Gb Inbuilt",5000 Mah Battery With 10W Fast Charging,"6.5 Inches, 720 X 1600 Px, 90 Hz Display With Punch Hole",50 MP + 2 MP + 2 MP Triple Rear & 8 MP Front Camera
Samsung Galaxy A04E,"₹8,400",65,"Helio P35, Octa Core, 2.3 Ghz Processor","3 Gb Ram, 32 Gb Inbuilt",5000 Mah Battery,"6.5 Inches, 720 X 1600 Px Display With Water Drop Notch",13 MP + 2 MP Dual Rear & 5 MP Front Camera
Vivo Y16 (4Gb Ram + 64Gb),"₹10,223",68,"Helio P35, Octa Core, 2.3 Ghz Processor","4 Gb Ram, 64 Gb Inbuilt",5000 Mah Battery With 10W Fast Charging,"6.51 Inches, 720 X 1600 Px Display With Water Drop Notch",13 MP + 2 MP Dual Rear & 5 MP Front Camera
Apple Iphone 14 Pro (256Gb),"₹1,22,990",85,"Bionic  A16, Hexa Core, 3.46 Ghz Processor","6 Gb Ram, 256 Gb Inbuilt",3200 Mah Battery With Fast Charging,"6.1 Inches, 1179 X 2556 Px, 120 Hz Display",48 MP + 12 MP + 12 MP Triple Rear & 12 MP Front Camera
Realme Gt Neo 3T,"₹29,999",79,"Snapdragon 870, Octa Core, 3.2 Ghz Processor","6 Gb Ram, 128 Gb Inbuilt",5000 Mah Battery With 80W Fast Charging,"6.62 Inches, 1080 X 2400 Px, 120 Hz Display With Punch Hole",64 MP + 8 MP + 2 MP Triple Rear & 16 MP Front Camera
Realme 9 5G,"₹13,999",75,"Dimensity  810 5G, Octa Core, 2.4 Ghz Processor","4 Gb Ram, 64 Gb Inbuilt",5000 Mah Battery With 18W Fast Charging,"6.5 Inches, 1080 X 2400 Px, 90 Hz Display With Punch Hole",48 MP + 2 MP + 2 MP Triple Rear & 16 MP Front Camera
Samsung Galaxy M33 5G,"₹16,499",81,"Exynos  1280, Octa Core, 2.4 Ghz Processor","6 Gb Ram, 128 Gb Inbuilt",6000 Mah Battery With 25W Fast Charging,"6.6 Inches, 1080 X 2400 Px, 120 Hz Display With Water Drop Notch",50 MP Quad Rear & 8 MP Front Camera
Motorola Edge 20 5G,"₹24,989",87,"Snapdragon  778G , Octa Core, 2.4 Ghz Processor","8 Gb Ram, 128 Gb Inbuilt",4000 Mah Battery With 30W Fast Charging,"6.7 Inches, 1080 X 2460 Px, 144 Hz Display With Punch Hole",108 MP + 16 MP + 8 MP Triple Rear & 32 MP Front Camera
Vivo Y17S (4Gb Ram + 128 Gb),"₹12,499",72,"Helio G85, Octa Core, 2 Ghz Processor","4 Gb Ram, 128 Gb Inbuilt",5000 Mah Battery With 15W Fast Charging,"6.56 Inches, 720 X 1612 Px Display With Water Drop Notch",50 MP + 2 MP Dual Rear & 8 MP Front Camera
Apple Iphone 15 Plus (256Gb),"₹99,900",85,"Bionic  A16, Hexa Core, 3.46 Ghz Processor","6 Gb Ram, 256 Gb Inbuilt",4383 Mah Battery With Fast Charging,"6.7 Inches, 1290 X 2796 Px Display With Dynamic Island",48 MP + 12 MP Dual Rear & 12 MP Front Camera
Ikall S2,"₹9,489",68,"Quad Core, 1.6 Ghz Processor","6 Gb Ram, 128 Gb Inbuilt",6000 Mah Battery,"6.8 Inches, 720 X 1600 Px Display With Water Drop Notch",21 MP + 5 MP + 2 MP Triple Rear & 8 MP Front Camera
Lava Blaze 5G (8Gb Ram + 128Gb),"₹10,999",77,"Dimensity 700 5G, Octa Core, 2.2 Ghz Processor","8 Gb Ram, 128 Gb Inbuilt",5000 Mah Battery,"6.5 Inches, 1600 X 720 Px, 90 Hz Display With Water Drop Notch",50 MP + 2 MP Triple Rear & 8 MP Front Camera
Tecno Spark 10,"₹9,798",78,"Helio G37, Octa Core, 2.3 Ghz Processor","8 Gb Ram, 128 Gb Inbuilt",5000 Mah Battery With 18W Fast Charging,"6.56 Inches, 720 X 1612 Px, 90 Hz Display With Water Drop Notch",50 MP Dual Rear & 8 MP Front Camera
Xiaomi Redmi A2,"₹6,249",61,"Helio G36, Octa Core, 2.2 Ghz Processor","2 Gb Ram, 32 Gb Inbuilt",5000 Mah Battery With 10W Fast Charging,"6.52 Inches, 720 X 1600 Px Display With Water Drop Notch",8 MP + Depth Sensor Dual Rear & 5 MP Front Camera
Samsung Galaxy Z Flip 5,"₹99,999",88,"Snapdragon 8 Gen 2, Octa Core, 3.2 Ghz Processor","8 Gb Ram, 256 Gb Inbuilt",3700 Mah Battery With 25W Fast Charging,"6.7 Inches, 1080 X 2640 Px, 120 Hz Display With Punch Hole","Foldable Display, Dual Display"
Tecno Phantom X2,"₹34,999",85,"Dimensity 9000, Octa Core, 3.05 Ghz Processor","8 Gb Ram, 256 Gb Inbuilt",5160 Mah Battery With 45W Fast Charging,"6.8 Inches, 1080 X 2400 Px, 120 Hz Display With Punch Hole",64 MP + 13 MP + 2 MP Triple Rear & 32 MP Front Camera
Nothing Phone 1 (12Gb Ram + 256Gb),"₹31,999",87,"Snapdragon 778G Plus, Octa Core, 2.5 Ghz Processor","12 Gb Ram, 256 Gb Inbuilt",4500 Mah Battery With 33W Fast Charging,"6.55 Inches, 1080 X 2400 Px, 120 Hz Display With Punch Hole",50 MP + 50 MP Dual Rear & 16 MP Front Camera
Oppo A57 4G (4Gb Ram + 64 Gb),"₹10,499",69,"Helio G35, Octa Core, 2.3 Ghz Processor","4 Gb Ram, 64 Gb Inbuilt",5000 Mah Battery With 33W Fast Charging,"6.56 Inches, 720 X 1612 Px Display With Water Drop Notch",13 MP + 2 MP Dual Rear & 8 MP Front Camera
Infinix Smart 7,"₹6,799",64,"Spreadtrum Sc9863A1, Octa Core, 1.6 Ghz Processor","4 Gb Ram, 64 Gb Inbuilt",6000 Mah Battery,"6.6 Inches, 720 X 1612 Px Display With Water Drop Notch",13 MP Dual Rear & 5 MP Front Camera
Xiaomi Redmi Note 11 Pro Plus 5G (8Gb Ram + 256Gb),"₹23,480",87,"Snapdragon  695, Octa Core, 2.2 Ghz Processor","8 Gb Ram, 256 Gb Inbuilt",5000 Mah Battery With 67W Fast Charging,"6.67 Inches, 1080 X 2400 Px, 120 Hz Display With Punch Hole",108 MP + 8 MP + 2 MP Triple Rear & 16 MP Front Camera
Oneplus Nord Ce 2 5G (8Gb Ram + 128Gb),"₹24,999",85,"Dimensity 900, Octa Core, 2.4 Ghz Processor","8 Gb Ram, 128 Gb Inbuilt",4500 Mah Battery With 65W Fast Charging,"6.43 Inches, 1080 X 2400 Px, 90 Hz Display With Punch Hole",64 MP + 8 MP + 2 MP Triple Rear & 16 MP Front Camera
Vivo V23 Pro 5G (12Gb Ram + 256Gb),"₹33,888",87,"Dimensity 1200, Octa Core, 3 Ghz Processor","12 Gb Ram, 256 Gb Inbuilt",4300 Mah Battery With 44W Fast Charging,"6.56 Inches, 1080 X 2376 Px, 90 Hz Display With Small Notch",108 MP + 8 MP + 2 MP Triple Rear & 50 MP + 8 MP Dual Front Camera
Xiaomi Redmi Note 11 Pro Plus 5G,"₹17,999",83,"Snapdragon  695, Octa Core, 2.2 Ghz Processor","6 Gb Ram, 128 Gb Inbuilt",5000 Mah Battery With 67W Fast Charging,"6.67 Inches, 1080 X 2400 Px, 120 Hz Display With Punch Hole",108 MP + 8 MP + 2 MP Triple Rear & 16 MP Front Camera
Samsung Galaxy S21 Plus,"₹47,989",88,"Exynos 2100, Octa Core, 2.9 Ghz Processor","8 Gb Ram, 128 Gb Inbuilt",4800 Mah Battery With 25W Fast Charging,"6.7 Inches, 1080 X 2400 Px, 120 Hz Display With Punch Hole",64 MP + 12 MP + 12 MP Triple Rear & 10 MP Front Camera
Nokia 130 Music 2023,"₹1,749",79,No Wifi,"4 Mb Ram, 4 Mb Inbuilt",1450 Mah Battery,"2.4 Inches, 240 X 320 Px Display",No Rear Camera
Ikall S2 Star,"₹9,499",67,"Quad Core, 1.6 Ghz Processor","6 Gb Ram, 128 Gb Inbuilt",6000 Mah Battery,"6.8 Inches, 720 X 1600 Px Display With Water Drop Notch",21 MP + 5 MP + 2 MP Triple Rear & 8 MP Front Camera
Ikall K333 4G,"₹3,420",79,Helio Mt6739,"2 Gb Ram, 16 Gb Inbuilt",3000 Mah Battery,"2.8 Inches, 240 X 360 Px Display",2 MP Rear & 2 MP Front Camera
Tecno Camon 20 Pro 5G (8Gb Ram + 256Gb),"₹21,729",86,"Dimensity 8050, Octa Core, 3 Ghz Processor","8 Gb Ram, 256 Gb Inbuilt",5000 Mah Battery With 33W Fast Charging,"6.67 Inches, 1080 X 2400 Px, 120 Hz Display With Punch Hole",64 MP + 2 MP + 2 MP Triple Rear & 32 MP Front Camera
Nokia 106 4G,"₹2,149",79,No Wifi,4 Mb Ram,1450 Mah Battery,"1.8 Inches, 120 X 160 Px Display",No Rear Camera
Xiaomi Redmi Note 12 4G (6Gb Ram + 128Gb),"₹13,999",80,"Snapdragon 685, Octa Core, 2.8 Ghz Processor","6 Gb Ram, 128 Gb Inbuilt",5000 Mah Battery With 33W Fast Charging,"6.67 Inches, 1080 X 2400 Px, 120 Hz Display With Punch Hole",50 MP + 8 MP + 2 MP Triple Rear & 13 MP Front Camera
Tecno Phantom V Fold,"₹78,499",79,"Dimensity 9000 Plus, Octa Core, 3.2 Ghz Processor","12 Gb Ram, 256 Gb Inbuilt",5000 Mah Battery With 45W Fast Charging,"7.85 Inches, 2000 X 2296 Px, 120 Hz Display","Foldable Display, Dual Display"
Samsung Galaxy S23 (8Gb Ram + 256Gb),"₹79,999",88,"Snapdragon 8 Gen 2, Octa Core, 3.36 Ghz Processor","8 Gb Ram, 256 Gb Inbuilt",3900 Mah Battery With 25W Fast Charging,"6.1 Inches, 1080 X 2340 Px, 120 Hz Display With Punch Hole",50 MP + 12 MP + 10 MP Triple Rear & 12 MP Front Camera
Tecno Camon 20 Premier,"₹29,999",89,"Dimensity 8050, Octa Core, 3 Ghz Processor","8 Gb Ram, 512 Gb Inbuilt",5000 Mah Battery With 45W Fast Charging,"6.67 Inches, 1080 X 2400 Px, 120 Hz Display With Punch Hole",108 MP + 50 MP + 2 MP Triple Rear & 32 MP Front Camera
Iqoo 11 (16Gb Ram + 256Gb),"₹54,999",89,"Snapdragon 8 Gen2, Octa Core, 3.2 Ghz Processor","16 Gb Ram, 256 Gb Inbuilt",5000 Mah Battery With 120W Fast Charging,"6.78 Inches, 1440 X 3200 Px, 144 Hz Display With Punch Hole",50 MP + 13 MP + 8 MP Triple Rear & 16 MP Front Camera
Tecno Spark 10C,"₹9,277",72,"Unisoc T606, Octa Core, 2 Ghz Processor","8 Gb Ram, 128 Gb Inbuilt",5000 Mah Battery With 18W Fast Charging,"6.6 Inches, 720 X 1612 Px, 90 Hz Display With Water Drop Notch",16 MP Dual Rear & 8 MP Front Camera
Oppo Reno 8 Pro 5G,"₹37,490",86,"Dimensity 8100-Max, Octa Core, 2.85 Ghz Processor","12 Gb Ram, 256 Gb Inbuilt",4500 Mah Battery With 80W Fast Charging,"6.7 Inches, 1080 X 2412 Px, 120 Hz Display With Punch Hole",50 MP + 8 MP + 2 MP Triple Rear & 32 MP Front Camera
Oneplus 10 Pro 5G (12Gb Ram + 256Gb),"₹55,499",79,"Snapdragon  8 Gen1, Octa Core, 3 Ghz Processor","12 Gb Ram, 256 Gb Inbuilt",5000 Mah Battery With 80W Fast Charging,"6.7 Inches, 1440 X 3216 Px, 120 Hz Display With Punch Hole",50 MP + 48 MP + 8 MP Triple Rear & 32 MP Front Camera
Vivo V23 5G,"₹28,495",83,"Dimensity  920 5G, Octa Core, 2.5 Ghz Processor","8 Gb Ram, 128 Gb Inbuilt",4200 Mah Battery With 44W Fast Charging,"6.44 Inches, 1080 X 2400 Px, 90 Hz Display With Small Notch",64 MP + 8 MP + 2 MP Triple Rear & 50 MP + 8 MP Dual Front Camera
Realme Narzo 50 Pro 5G,"₹17,999",78,"Dimensity  920 5G, Octa Core, 2.5 Ghz Processor","6 Gb Ram, 128 Gb Inbuilt",5000 Mah Battery With 33W Fast Charging,"6.4 Inches, 1080 X 2400 Px, 90 Hz Display With Punch Hole",48 MP + 8 MP + 2 MP Triple Rear & 16 MP Front Camera
Realme Gt 2 5G,"₹31,990",84,"Snapdragon  888 , Octa Core, 2.84 Ghz Processor","8 Gb Ram, 128 Gb Inbuilt",5000 Mah Battery With 65W Fast Charging,"6.62 Inches, 1080 X 2400 Px, 120 Hz Display With Punch Hole",50 MP + 8 MP + 2 MP Triple Rear & 16 MP Front Camera
Realme Gt 5G,"₹25,999",85,"Snapdragon  888 , Octa Core, 2.84 Ghz Processor","8 Gb Ram, 128 Gb Inbuilt",4500 Mah Battery With 65W Fast Charging,"6.43 Inches, 1080 X 2400 Px, 120 Hz Display With Punch Hole",64 MP + 8 MP + 2 MP Triple Rear & 16 MP Front Camera
Samsung Galaxy Note 10 Plus,"₹52,990",89,"Exynos 9825, Octa Core, 2.73 Ghz Processor","12 Gb Ram, 256 Gb Inbuilt",4300 Mah Battery With 45W Fast Charging,"6.8 Inches, 1440 X 3040 Px Display With Punch Hole",12 MP Quad Rear & 10 MP Front Camera
Xiaomi Poco F1 (6Gb Ram + 128Gb),"₹11,200",78,"Snapdragon 845, Octa Core, 2.8 Ghz Processor","6 Gb Ram, 128 Gb Inbuilt",4000 Mah Battery With Fast Charging,"6.18 Inches, 1080 X 2246 Px Display With Large Notch",12 MP + 5 MP Dual Rear & 20 MP Front Camera
Samsung Guru Music 2 Dual Sim,"₹2,139",79,No Wifi,"Single Core, 208 Mhz Processor",800 Mah Battery,"2 Inches, 128 X 160 Px Display",No Rear Camera
Nokia 105 Classic 2023 (Dual Sim),"₹1,149",79,"4 Mb Ram, 4 Mb Inbuilt",800 Mah Battery,"1.77 Inches, 128 X 160 Px Display",No Rear Camera,S30+
Realme C51 (4Gb Ram + 128 Gb),"₹9,473",70,"Unisoc T612, Octa Core, 1.8 Ghz Processor","4 Gb Ram, 128 Gb Inbuilt",5000 Mah Battery With 33W Fast Charging,"6.74 Inches, 720 X 1600 Px, 90 Hz Display With Water Drop Notch",50 MP + 0.08 MP Dual Rear & 5 MP Front Camera
Xiaomi Redmi Note 12 Pro (12Gb Ram + 256Gb),"₹23,999",83,"Dimensity 1080, Octa Core, 2.6 Ghz Processor","12 Gb Ram, 256 Gb Inbuilt",5000 Mah Battery With 67W Fast Charging,"6.67 Inches, 1080 X 2400 Px, 120 Hz Display With Punch Hole",50 MP + 8 MP + 2 MP Triple Rear & 16 MP Front Camera
Realme Narzo 60 Pro (12Gb Ram + 256Gb),"₹24,990",83,"Dimensity 7050, Octa Core, 2.6 Ghz Processor","12 Gb Ram, 256 Gb Inbuilt",5000 Mah Battery With 67W Fast Charging,"6.7 Inches, 1080 X 2400 Px, 120 Hz Display With Punch Hole",100 MP + 2 MP Dual Rear & 16 MP Front Camera
Tecno Spark 10 5G (8Gb Ram + 128Gb),"₹13,169",79,"Dimensity 6020, Octa Core, 2.2 Ghz Processor","8 Gb Ram, 128 Gb Inbuilt",5000 Mah Battery With 18W Fast Charging,"6.56 Inches, 720 X 1612 Px, 90 Hz Display With Water Drop Notch",50 MP Dual Rear & 8 MP Front Camera
Tecno Pova 5 4G,"₹11,999",79,"Helio G99, Octa Core, 2.2 Ghz Processor","8 Gb Ram, 128 Gb Inbuilt",6000 Mah Battery With 45W Fast Charging,"6.78 Inches, 1080 X 2460 Px, 120 Hz Display With Punch Hole",50 MP + 0.08 MP Dual Rear & 8 MP Front Camera
Iqoo Neo 7 (12Gb Ram + 256Gb),"₹31,999",84,"Dimensity 8200, Octa Core, 3.1 Ghz Processor","12 Gb Ram, 256 Gb Inbuilt",5000 Mah Battery With 120W Fast Charging,"6.78 Inches, 1080 X 2400 Px, 120 Hz Display With Punch Hole",64 MP + 2 MP + 2 MP Triple Rear & 16 MP Front Camera
Samsung Galaxy A23 5G (8Gb Ram + 128Gb),"₹21,090",81,"Snapdragon 695, Octa Core, 2.2 Ghz Processor","8 Gb Ram, 128 Gb Inbuilt",5000 Mah Battery With 25W Fast Charging,"6.6 Inches, 1080 X 2408 Px, 120 Hz Display With Water Drop Notch",50 MP Quad Rear & 8 MP Front Camera
Realme 10 Pro Plus (8Gb Ram + 128Gb),"₹25,999",84,"Dimensity 1080, Octa Core, 2.6 Ghz Processor","8 Gb Ram, 128 Gb Inbuilt",5000 Mah Battery With 67W Fast Charging,"6.7 Inches, 1080 X 2412 Px, 120 Hz Display With Punch Hole",108 MP + 8 MP + 2 MP Triple Rear & 16 MP Front Camera
Oneplus Nord 2T (12Gb Ram + 256Gb),"₹33,999",85,"Dimensity  1300, Octa Core, 3 Ghz Processor","12 Gb Ram, 256 Gb Inbuilt",4500 Mah Battery With 80W Fast Charging,"6.43 Inches, 1080 X 2400 Px, 90 Hz Display With Punch Hole",50 MP + 8 MP + 2 MP Triple Rear & 32 MP Front Camera
Motorola Edge 30 5G (8Gb Ram + 128Gb),"₹23,999",85,"Snapdragon 778G+, Octa Core, 2.5 Ghz Processor","8 Gb Ram, 128 Gb Inbuilt",4020 Mah Battery With 33W Fast Charging,"6.5 Inches, 1080 X 2400 Px, 144 Hz Display With Punch Hole",50 MP + 50 MP + 2 MP Triple Rear & 32 MP Front Camera
Motorola Moto G82 5G,"₹19,999",83,"Snapdragon 695, Octa Core, 2.2 Ghz Processor","6 Gb Ram, 128 Gb Inbuilt",5000 Mah Battery With 30W Fast Charging,"6.6 Inches, 1080 X 2400 Px, 120 Hz Display With Punch Hole",50 MP + 8 MP + 2 MP Triple Rear & 16 MP Front Camera
Samsung Galaxy A23 (8Gb Ram + 128Gb),"₹13,299",82,"Snapdragon  680, Octa Core, 2.4 Ghz Processor","8 Gb Ram, 128 Gb Inbuilt",5000 Mah Battery With 25W Fast Charging,"6.6 Inches, 1080 X 2408 Px Display With Water Drop Notch",50 MP Quad Rear & 8 MP Front Camera
Samsung Galaxy A04S,"₹9,999",70,"Exynos 850, Octa Core, 2 Ghz Processor","4 Gb Ram, 64 Gb Inbuilt",5000 Mah Battery With 15W Fast Charging,"6.5 Inches, 720 X 1600 Px, 90 Hz Display With Water Drop Notch",50 MP + 2 MP + 2 MP Triple Rear & 5 MP Front Camera
Vivo X80 5G,"₹39,999",86,"Dimensity  9000, Octa Core, 3.05 Ghz Processor","8 Gb Ram, 128 Gb Inbuilt",4500 Mah Battery With 80W Fast Charging,"6.78 Inches, 1080 X 2400 Px, 120 Hz Display With Punch Hole",50 MP + 12 MP + 12 MP Triple Rear & 32 MP Front Camera
Apple Iphone Se 3 2022,"₹33,999",79,"Bionic  A15, Hexa Core, 3.22 Ghz Processor",64 Gb Inbuilt,"4.7 Inches, 750 X 1334 Px Display",12 Mp Rear & 7 Mp Front Camera,Memory Card Not Supported
Motorola Edge Plus,"₹49,999",89,"Snapdragon  865 , Octa Core, 2.84 Ghz Processor","12 Gb Ram, 256 Gb Inbuilt",5000 Mah Battery With 18W Fast Charging,"6.7 Inches, 1080 X 2340 Px, 90 Hz Display With Punch Hole",108 MP + 16 MP + 8 MP Triple Rear & 25 MP Front Camera
Samsung Galaxy A72,"₹25,980",88,"Snapdragon  720G , Octa Core, 2.3 Ghz Processor","8 Gb Ram, 128 Gb Inbuilt",5000 Mah Battery With 25W Fast Charging,"6.7 Inches, 1080 X 2400 Px, 90 Hz Display With Punch Hole",64 MP Quad Rear & 32 MP Front Camera
Samsung Galaxy S10 Plus,"₹36,699",81,"Exynos 9820, Octa Core, 2.7 Ghz Processor","8 Gb Ram, 128 Gb Inbuilt",4100 Mah Battery With 15W Fast Charging,"6.4 Inches, 1440 X 3040 Px Display With Punch Hole",16 MP + 12 MP + 12 MP Triple Rear & 10 MP + 8 MP Dual Front Camera
Samsung Guru E1200,"₹1,150",79,No Wifi,800 Mah Battery,"1.5 Inches, 128 X 128 Px Display",No Rear Camera,No FM Radio
Oppo A18 (4Gb Ram + 128Gb),"₹11,499",65,"Helio G85, Octa Core, 2 Ghz Processor","4 Gb Ram, 128 Gb Inbuilt",5000 Mah Battery,"6.56 Inches, 720 X 1612 Px Display With Water Drop Notch",8 MP + 2 MP Dual Rear & 5 MP Front Camera
Vivo Y56 5G (4Gb Ram + 128Gb),"₹16,989",78,"Dimensity 700 5G, Octa Core, 2.2 Ghz Processor","4 Gb Ram, 128 Gb Inbuilt",5000 Mah Battery With 18W Fast Charging,"6.58 Inches, 1080 X 2408 Px Display With Water Drop Notch",50 MP + 2 MP Dual Rear & 16 MP Front Camera
Ikall S1 Plus,"₹9,479",66,"Unisoc, Quad Core, 1.6 Ghz Processor","6 Gb Ram, 128 Gb Inbuilt",6000 Mah Battery,"6.8 Inches, 720 X 1600 Px Display With Punch Hole",13 MP + 5 MP + 2 MP Triple Rear & 8 MP Front Camera
Tecno Phantom V Flip,"₹54,999",88,"Dimensity 8050, Octa Core, 3 Ghz Processor","8 Gb Ram, 256 Gb Inbuilt",4000 Mah Battery With 45W Fast Charging,"6.9 Inches, 1080 X 2640 Px, 144 Hz Display With Punch Hole","Foldable Display, Dual Display"
Nokia 110 4G 2023,"₹2,351",79,No Wifi,"128 Mb Ram, 48 Mb Inbuilt",1450 Mah Battery,"1.8 Inches, 120 X 160 Px Display",0.3 MP Rear Camera
Motorola Razr 40 Ultra,"₹79,999",89,"Snapdragon  8+ Gen1, Octa Core, 3.2 Ghz Processor","8 Gb Ram, 256 Gb Inbuilt",3800 Mah Battery With 30W Fast Charging,"6.9 Inches, 1080 X 2640 Px, 165 Hz Display With Punch Hole","Foldable Display, Dual Display"
Vivo Y100A (8Gb Ram + 256Gb),"₹21,599",83,"Snapdragon 695, Octa Core, 2.2 Ghz Processor","8 Gb Ram, 256 Gb Inbuilt",4500 Mah Battery With 44W Fast Charging,"6.38 Inches, 1080 X 2400 Px, 90 Hz Display With Punch Hole",64 MP + 2 MP + 2 MP Triple Rear & 16 MP Front Camera
Xiaomi Redmi A2 Plus,"₹7,499",66,"Helio G36, Octa Core, 2.2 Ghz Processor","4 Gb Ram, 64 Gb Inbuilt",5000 Mah Battery With 10W Fast Charging,"6.52 Inches, 720 X 1600 Px Display With Water Drop Notch",8 MP + 0.08 MP Dual Rear & 5 MP Front Camera
Iqoo Z6 Lite 5G,"₹13,690",75,"Snapdragon  4 Gen 1, Octa Core, 2 Ghz Processor","4 Gb Ram, 64 Gb Inbuilt",5000 Mah Battery With 18W Fast Charging,"6.58 Inches, 1080 X 2408 Px, 120 Hz Display With Water Drop Notch",50 MP + 2 MP Dual Rear & 8 MP Front Camera
Realme 9I 5G,"₹14,889",75,"Dimensity 810 5G, Octa Core, 2.4 Ghz Processor","4 Gb Ram, 64 Gb Inbuilt",5000 Mah Battery With 18W Fast Charging,"6.6 Inches, 1080 X 2408 Px, 90 Hz Display With Punch Hole",50 MP + 2 MP + 2 MP Triple Rear & 8 MP Front Camera
Samsung Galaxy M13 5G (4Gb Ram + 64Gb),"₹11,077",71,"Dimensity 700, Octa Core, 2.2 Ghz Processor","4 Gb Ram, 64 Gb Inbuilt",5000 Mah Battery With 15W Fast Charging,"6.5 Inches, 720 X 1600 Px, 90 Hz Display With Water Drop Notch",50 MP + 2 MP Dual Rear & 5 MP Front Camera
Iqoo Z6 Pro 5G,"₹22,320",78,"Snapdragon  778G, Octa Core, 2.4 Ghz Processor","6 Gb Ram, 128 Gb Inbuilt",4700 Mah Battery With 66W Fast Charging,"6.44 Inches, 1080 X 2404 Px, 90 Hz Display With Water Drop Notch",64 MP + 8 MP + 2 MP Triple Rear & 16 MP Front Camera
Realme 9 5G Se (8Gb Ram + 128Gb),"₹18,799",82,"Snapdragon  778G, Octa Core, 2.4 Ghz Processor","8 Gb Ram, 128 Gb Inbuilt",5000 Mah Battery With 30W Fast Charging,"6.6 Inches, 1080 X 2412 Px, 144 Hz Display With Punch Hole",48 MP + 2 MP + 2 MP Triple Rear & 16 MP Front Camera
Poco F4 5G,"₹27,999",82,"Snapdragon  870, Octa Core, 3.2 Ghz Processor","6 Gb Ram, 128 Gb Inbuilt",4500 Mah Battery With 67W Fast Charging,"6.67 Inches, 1080 X 2400 Px, 120 Hz Display With Punch Hole",64 MP + 8 MP + 2 MP Triple Rear & 20 MP Front Camera
Samsung Galaxy A13,"₹12,950",75,"Octa Core, 2 Ghz Processor","4 Gb Ram, 64 Gb Inbuilt",5000 Mah Battery With 25W Fast Charging,"6.6 Inches, 1080 X 2408 Px Display With Water Drop Notch",50 MP Quad Rear & 8 MP Front Camera
Samsung Galaxy Z Fold 4,"₹1,18,999",79,"Snapdragon  8+ Gen1, Octa Core, 3.2 Ghz Processor","12 Gb Ram, 256 Gb Inbuilt",4400 Mah Battery With 25W Fast Charging,"7.6 Inches, 1812 X 2176 Px, 120 Hz Display With Punch Hole","Foldable Display, Dual Display"
Poco M4 Pro 5G,"₹13,999",76,"Dimensity  810 5G, Octa Core, 2.4 Ghz Processor","4 Gb Ram, 64 Gb Inbuilt",5000 Mah Battery With 33W Fast Charging,"6.6 Inches, 1080 X 2400 Px, 90 Hz Display With Punch Hole",50 MP + 8 MP Dual Rear & 16 MP Front Camera
Vivo V21 5G,"₹21,363",85,"Dimensity 800U, Octa Core, 2.4 Ghz Processor","8 Gb Ram, 128 Gb Inbuilt",4000 Mah Battery With 33W Fast Charging,"6.44 Inches, 1080 X 2400 Px, 90 Hz Display With Water Drop Notch",64 MP + 8 MP + 2 MP Triple Rear & 44 MP Front Camera
Xiaomi Redmi Note 10S,"₹14,999",78,"Helio G95, Octa Core, 2.05 Ghz Processor","6 Gb Ram, 64 Gb Inbuilt",5000 Mah Battery With 33W Fast Charging,"6.43 Inches, 1080 X 2400 Px Display With Punch Hole",64 MP Quad Rear & 13 MP Front Camera
Oneplus 9 Pro,"₹64,900",88,"Snapdragon 888, Octa Core, 2.84 Ghz Processor","8 Gb Ram, 128 Gb Inbuilt",4500 Mah Battery With 65W Fast Charging,"6.7 Inches, 1440 X 3216 Px, 120 Hz Display With Punch Hole",48 MP Quad Rear & 16 MP Front Camera
Samsung Galaxy S21,"₹69,999",88,"Exynos  2100, Octa Core, 2.9 Ghz Processor","8 Gb Ram, 128 Gb Inbuilt",4000 Mah Battery With 25W Fast Charging,"6.2 Inches, 1080 X 2400 Px, 120 Hz Display With Punch Hole",64 MP + 12 MP + 12 MP Triple Rear & 10 MP Front Camera
Samsung Galaxy S20,"₹34,999",87,"Exynos  990, Octa Core, 2.73 Ghz Processor","8 Gb Ram, 128 Gb Inbuilt",4000 Mah Battery With 25W Fast Charging,"6.2 Inches, 1440 X 3200 Px, 120 Hz Display With Punch Hole",64 MP + 12 MP + 12 MP Triple Rear & 10 MP Front Camera
Itel A60S (4Gb Ram + 128 Gb),"₹7,099",79,"Unisoc  Sc9863A1, Octa Core Processor","4 Gb Ram, 128 Gb Inbuilt",5000 Mah Battery With 10W Fast Charging,"6.6 Inches, 720 X 1612 Px Display With Water Drop Notch",8 MP Dual Rear & 5 MP Front Camera
Oneplus Nord N20 Se (4Gb Ram + 128Gb),"₹15,390",77,"Helio G35, Octa Core, 2.3 Ghz Processor","4 Gb Ram, 128 Gb Inbuilt",5000 Mah Battery With 33W Fast Charging,"6.56 Inches, 720 X 1612 Px Display With Water Drop Notch",50 MP + 2 MP Dual Rear & 8 MP Front Camera
Nokia 150 2023,"₹2,649",79,No Wifi,"4 Mb Ram, 4 Mb Inbuilt",1450 Mah Battery,"2.4 Inches, 240 X 320 Px Display","Memory Card Supported, upto 32 GB"
Nokia 105 2023,"₹1,299",79,No Wifi,"4 Mb Ram, 4 Mb Inbuilt",1000 Mah Battery,"1.8 Inches, 120 X 160 Px Display",No Rear Camera
Vivo Y16 (4Gb Ram + 128Gb),"₹11,277",69,"Helio P35, Octa Core, 2.3 Ghz Processor","4 Gb Ram, 128 Gb Inbuilt",5000 Mah Battery With 10W Fast Charging,"6.51 Inches, 720 X 1600 Px Display With Water Drop Notch",13 MP + 2 MP Dual Rear & 5 MP Front Camera
Samsung Galaxy A14 4G,"₹12,999",74,"Exynos  850, Octa Core, 2 Ghz Processor","4 Gb Ram, 64 Gb Inbuilt",5000 Mah Battery With 15W Fast Charging,"6.6 Inches, 1080 X 2408 Px Display With Water Drop Notch",50 MP + 5 MP + 2 MP Triple Rear & 13 MP Front Camera
Itel Magicx Pro,"₹2,112",79,1 Ghz Processor,"64 Mb Ram, 128 Mb Inbuilt",2500 Mah Battery,"2.4 Inches, 320 X 240 Px Display",0.3 MP Rear Camera
Oppo Find N2 Flip,"₹89,999",89,"Dimensity 9000 Plus, Octa Core, 3.2 Ghz Processor","8 Gb Ram, 256 Gb Inbuilt",4300 Mah Battery With 44W Fast Charging,"6.8 Inches, 1080 X 2520 Px, 120 Hz Display With Punch Hole","Foldable Display, Dual Display"
Tecno Camon 19 Pro Mondrian Edition,"₹13,939",84,"Helio G96, Octa Core, 2.05 Ghz Processor","8 Gb Ram, 128 Gb Inbuilt",5000 Mah Battery With 33W Fast Charging,"6.8 Inches, 1080 X 2460 Px, 120 Hz Display With Punch Hole",64 MP + 50 MP + 2 MP Triple Rear & 32 MP Front Camera
Oppo A17K,"₹8,999",62,"Helio G35, Octa Core, 2.3 Ghz Processor","3 Gb Ram, 64 Gb Inbuilt",5000 Mah Battery,"6.56 Inches, 720 X 1612 Px Display With Water Drop Notch",8 MP Rear & 5 MP Front Camera
Xiaomi Redmi A1 Plus,"₹3,743",60,"Helio A22, Quad Core, 2 Ghz Processor","2 Gb Ram, 32 Gb Inbuilt",5000 Mah Battery With 10W Fast Charging,"6.52 Inches, 720 X 1600 Px Display With Water Drop Notch",8 MP + 0.3 MP Dual Rear & 5 MP Front Camera
Nokia 8210 4G,"₹3,749",79,No Wifi,Unisoc T107,"48 Mb Ram, 128 Mb Inbuilt",1450 Mah Battery,"2.8 inches, 240 x 320 px Display"
Poco X4 Pro 5G (8Gb Ram + 128Gb),"₹16,999",84,"Snapdragon 695 , Octa Core, 2.2 Ghz Processor","8 Gb Ram, 128 Gb Inbuilt",5000 Mah Battery With 67W Fast Charging,"6.67 Inches, 1080 X 2400 Px, 120 Hz Display With Punch Hole",64 MP + 8 MP + 2 MP Triple Rear & 16 MP Front Camera
Realme Gt Neo 3 5G (8Gb Ram + 256Gb),"₹26,999",83,"Dimensity  8100, Octa Core, 2.85 Ghz Processor","8 Gb Ram, 256 Gb Inbuilt",5000 Mah Battery With 80W Fast Charging,"6.7 Inches, 1080 X 2412 Px, 120 Hz Display With Punch Hole",50 MP + 8 MP + 2 MP Triple Rear & 16 MP Front Camera
Samsung Galaxy M21 2021,"₹10,990",76,"Exynos 9611, Octa Core, 2.3 Ghz Processor","4 Gb Ram, 64 Gb Inbuilt",6000 Mah Battery With 15W Fast Charging,"6.4 Inches, 1080 X 2340 Px Display With Water Drop Notch",48 MP + 8 MP + 5 MP Triple Rear & 20 MP Front Camera
Nokia C20 Plus,"₹3,359",79,"Unisoc  Sc9863A, Octa Core, 1.6 Ghz Processor","2 Gb Ram, 32 Gb Inbuilt",4950 Mah Battery,"6.5 Inches, 720 X 1600 Px Display With Water Drop Notch",8 MP + 2 MP Dual Rear & 5 MP Front Camera
Xiaomi Mi 11I 5G,"₹20,999",81,"Dimensity  920 5G, Octa Core, 2.5 Ghz Processor","6 Gb Ram, 128 Gb Inbuilt",5160 Mah Battery With 67W Fast Charging,"6.67 Inches, 2400 X 1080 Px, 120 Hz Display With Punch Hole",108 MP + 8 MP + 2 MP Triple Rear & 16 MP Front Camera
Xiaomi Redmi Note 10 Pro Max (6Gb Ram + 128Gb),"₹18,820",82,"Snapdragon  732G, Octa Core, 2.3 Ghz Processor","6 Gb Ram, 128 Gb Inbuilt",5020 Mah Battery With 33W Fast Charging,"6.67 Inches, 1080 X 2400 Px, 120 Hz Display With Punch Hole",108 MP Quad Rear & 16 MP Front Camera
Poco X3 Pro,"₹18,499",82,"Snapdragon 860, Octa Core, 2.96 Ghz Processor","6 Gb Ram, 128 Gb Inbuilt",5160 Mah Battery With 33W Fast Charging,"6.67 Inches, 1080 X 2400 Px, 120 Hz Display With Punch Hole",48 MP Quad Rear & 20 MP Front Camera
Oneplus 9,"₹33,899",86,"Snapdragon 888, Octa Core, 2.84 Ghz Processor","8 Gb Ram, 128 Gb Inbuilt",4500 Mah Battery With Fast Charging,"6.55 Inches, 1080 X 2400 Px, 120 Hz Display With Punch Hole",50 MP + 48 MP + 2 MP Triple Rear & 16 MP Front Camera
Samsung Galaxy S20 Fe,"₹26,299",86,"Exynos 990, Octa Core, 2.73 Ghz Processor","8 Gb Ram, 128 Gb Inbuilt",4500 Mah Battery With 25W Fast Charging,"6.5 Inches, 1080 X 2400 Px, 120 Hz Display With Punch Hole",12 MP + 12 MP + 8 MP Triple Rear & 32 MP Front Camera
Samsung Galaxy A32,"₹21,999",80,"Helio G80, Octa Core, 2 Ghz Processor","6 Gb Ram, 128 Gb Inbuilt",5000 Mah Battery With 15W Fast Charging,"6.4 Inches, 1080 X 2400 Px, 90 Hz Display With Water Drop Notch",64 MP Quad Rear & 20 MP Front Camera
Snexian Rock Pro,"₹1,299",79,"32 Mb Ram, 32 Mb Inbuilt",3000 Mah Battery,"2.4 Inches, 128 X 160 Px Display",0.3 Mp Rear Camera,"Memory Card Supported, upto 16 GB"
Lava Blaze 2 Pro,"₹8,799",75,"Tiger   T616, Octa Core, 2 Ghz Processor","8 Gb Ram, 128 Gb Inbuilt",5000 Mah Battery With 18W Fast Charging,"6.5 Inches, 1600 X 720 Px, 90 Hz Display With Water Drop Notch",50 MP + 2 MP + 2 MP Triple Rear & 8 MP Front Camera
Itel A60S,"₹5,999",79,"Unisoc  Sc9863A1, Octa Core Processor","4 Gb Ram, 64 Gb Inbuilt",5000 Mah Battery With 10W Fast Charging,"6.6 Inches, 720 X 1612 Px Display With Water Drop Notch",8 MP Dual Rear & 5 MP Front Camera
Infinix Hot 30I (4Gb Ram+ 64Gb),"₹7,499",71,"Helio G37, Octa Core, 2.3 Ghz Processor","4 Gb Ram, 64 Gb Inbuilt",5000 Mah Battery With 10W Fast Charging,"6.6 Inches, 720 X 1612 Px, 90 Hz Display With Water Drop Notch",50 MP Dual Rear & 8 MP Front Camera
Lava Blaze 2 4G,"₹8,438",70,"Tiger  T616 , Octa Core, 2 Ghz Processor","6 Gb Ram, 128 Gb Inbuilt",5000 Mah Battery With 18W Fast Charging,"6.5 Inches, 720 X 1600 Px, 90 Hz Display With Water Drop Notch",13 MP + 2 MP Dual Rear & 8 MP Front Camera
Itel P40,"₹6,680",61,"Spreadtrum  Sc9863A, Octa Core, 1.6 Ghz Processor","4 Gb Ram, 64 Gb Inbuilt",6000 Mah Battery With 18W Fast Charging,"6.6 Inches, 720 X 1612 Px Display With Water Drop Notch",13 MP Dual Rear & 5 MP Front Camera
Vivo V27 Pro (8Gb Ram + 256Gb),"₹35,990",85,"Dimensity 8200, Octa Core, 3.1 Ghz Processor","8 Gb Ram, 256 Gb Inbuilt",4600 Mah Battery With 66W Fast Charging,"6.78 Inches, 1080 X 2400 Px, 120 Hz Display With Punch Hole",50 MP + 8 MP + 2 MP Triple Rear & 50 MP Front Camera
Infinix Zero 5G 2023 Turbo,"₹17,999",85,"Dimensity 1080, Octa Core, 2.6 Ghz Processor","8 Gb Ram, 256 Gb Inbuilt",5000 Mah Battery With 33W Fast Charging,"6.78 Inches, 1080 X 2460 Px, 120 Hz Display With Punch Hole",50 MP + 2 MP + 2 MP Triple Rear & 16 MP Front Camera
Tecno Pop 7 Pro,"₹6,174",61,"Helio A22, Quad Core, 2 Ghz Processor","2 Gb Ram, 64 Gb Inbuilt",5000 Mah Battery With 10W Fast Charging,"6.56 Inches, 720 X 1612 Px Display With Water Drop Notch",12 MP Dual Rear & 5 MP Front Camera
Vivo Y02,"₹7,137",79,"Helio, Octa Core Processor","3 Gb Ram, 32 Gb Inbuilt",5000 Mah Battery With 10W Fast Charging,"6.51 Inches, 720 X 1600 Px Display With Water Drop Notch",8 MP Rear & 5 MP Front Camera
Infinix Note 12I (2022),"₹8,999",73,"Helio G85, Octa Core, 2 Ghz Processor","4 Gb Ram, 64 Gb Inbuilt",5000 Mah Battery With 33W Fast Charging,"6.7 Inches, 1080 X 2400 Px Display With Water Drop Notch",50 MP + 2 MP Triple Rear & 8 MP Front Camera
Motorola Moto G62 (8Gb Ram + 128Gb),"₹16,999",83,"Snapdragon  695, Octa Core, 2.2 Ghz Processor","8 Gb Ram, 128 Gb Inbuilt",5000 Mah Battery With Fast Charging,"6.55 Inches, 1080 X 2400 Px, 120 Hz Display With Punch Hole",50 MP + 8 MP + 2 MP Triple Rear & 16 MP Front Camera
Realme C33,"₹8,490",64,"Unisoc T612, Octa Core, 1.8 Ghz Processor","3 Gb Ram, 32 Gb Inbuilt",5000 Mah Battery,"6.5 Inches, 720 X 1600 Px Display With Water Drop Notch",50 MP + 0.3 MP Dual Rear & 5 MP Front Camera
Nokia 2660 Flip,"₹4,449",79,No Wifi,Unisoc T107,"48 Mb Ram, 128 Mb Inbuilt",1450 Mah Battery,"2.8 inches, 240 x 320 px Display"
Motorola Moto G42,"₹9,999",78,"Snapdragon 680, Octa Core, 2.4 Ghz Processor","4 Gb Ram, 64 Gb Inbuilt",5000 Mah Battery With 20W Fast Charging,"6.47 Inches, 1080 X 2400 Px Display With Punch Hole",50 MP + 8 MP + 2 MP Triple Rear & 16 MP Front Camera
Samsung Galaxy A04,"₹9,990",71,"Helio P35, Octa Core, 2.3 Ghz Processor","4 Gb Ram, 64 Gb Inbuilt",5000 Mah Battery With Fast Charging,"6.5 Inches, 720 X 1600 Px Display With Water Drop Notch",50 MP + 2 MP Dual Rear & 5 MP Front Camera
Vivo T1 Pro 5G (8Gb Ram + 128Gb),"₹24,999",84,"Snapdragon 778G, Octa Core, 2.4 Ghz Processor","8 Gb Ram, 128 Gb Inbuilt",4700 Mah Battery With 66W Fast Charging,"6.44 Inches, 1080 X 2404 Px, 90 Hz Display With Water Drop Notch",64 MP + 8 MP + 2 MP Triple Rear & 16 MP Front Camera
Vivo T1 44W,"₹14,490",77,"Snapdragon 680, Octa Core, 2.4 Ghz Processor","4 Gb Ram, 128 Gb Inbuilt",5000 Mah Battery With 44W Fast Charging,"6.44 Inches, 1080 X 2408 Px Display With Water Drop Notch",50 MP + 2 MP + 2 MP Triple Rear & 16 MP Front Camera
Oppo Reno7 5G,"₹27,200",85,"Dimensity 900, Octa Core, 2 Ghz Processor","8 Gb Ram, 256 Gb Inbuilt",4500 Mah Battery With 65W Fast Charging,"6.43 Inches, 1080 X 2400 Px, 90 Hz Display With Punch Hole",64 MP + 8 MP + 2 MP Triple Rear & 32 MP Front Camera
Oppo Reno7 Pro 5G,"₹35,890",87,"Dimensity  1200 Max, Octa Core, 3 Ghz Processor","12 Gb Ram, 256 Gb Inbuilt",4500 Mah Battery With 65W Fast Charging,"6.55 Inches, 1080 X 2400 Px, 90 Hz Display With Punch Hole",50 MP + 8 MP + 2 MP Triple Rear & 32 MP Front Camera
Apple Iphone 13 (512Gb),"₹69,499",80,"Bionic A15, Hexa Core, 3.22 Ghz Processor","4 Gb Ram, 512 Gb Inbuilt",3240 Mah Battery With Fast Charging,"6.1 Inches, 1170 X 2532 Px Display With Small Notch",12 MP + 12 MP Dual Rear & 12 MP Front Camera
Realme Gt Master Edition 5G (8Gb Ram + 256Gb),"₹25,999",85,"Snapdragon  778G , Octa Core, 2.4 Ghz Processor","8 Gb Ram, 256 Gb Inbuilt",4300 Mah Battery With 65W Fast Charging,"6.43 Inches, 1080 X 2400 Px, 120 Hz Display With Punch Hole",64 MP + 8 MP + 2 MP Triple Rear & 32 MP Front Camera
Xiaomi Mi 11 Lite Ne 5G,"₹20,499",83,"Snapdragon  778G , Octa Core, 2.4 Ghz Processor","6 Gb Ram, 128 Gb Inbuilt",4250 Mah Battery With 33W Fast Charging,"6.55 Inches, 1080 X 2400 Px, 90 Hz Display With Punch Hole",64 MP + 8 MP + 5 MP Triple Rear & 20 MP Front Camera
Oppo Reno 6 Pro 5G,"₹31,999",87,"Dimensity 1200, Octa Core, 3 Ghz Processor","12 Gb Ram, 256 Gb Inbuilt",4500 Mah Battery With 65W Fast Charging,"6.55 Inches, 1080 X 2400 Px, 90 Hz Display With Punch Hole",64 MP Quad Rear & 32 MP Front Camera
Iqoo 7 Legend,"₹39,990",84,"Snapdragon  888 , Octa Core, 2.84 Ghz Processor","8 Gb Ram, 128 Gb Inbuilt",4000 Mah Battery With 66W Fast Charging,"6.62 Inches, 1080 X 2400 Px, 120 Hz Display With Punch Hole",48 MP + 13 MP + 13 MP Triple Rear & 16 MP Front Camera
Iqoo 7,"₹27,999",83,"Snapdragon 870, Octa Core, 3.2 Ghz Processor","8 Gb Ram, 128 Gb Inbuilt",4400 Mah Battery With 66W Fast Charging,"6.62 Inches, 1080 X 2400 Px, 120 Hz Display With Punch Hole",48 MP + 13 MP + 2 MP Triple Rear & 16 MP Front Camera
Poco M2 Pro (6Gb Ram + 64Gb),"₹10,480",78,"Snapdragon 720G, Octa Core, 2.3 Ghz Processor","6 Gb Ram, 64 Gb Inbuilt",5000 Mah Battery With 33W Fast Charging,"6.67 Inches, 1080 X 2400 Px Display With Punch Hole",48 MP Quad Rear & 16 MP Front Camera
Apple Iphone 11 Pro Max,"₹95,699",77,"A13 Bionic, Hexa Core, 2.65 Ghz Processor","4 Gb Ram, 64 Gb Inbuilt",3500 Mah Battery With 18W Fast Charging,"6.5 Inches, 1242 X 2688 Px Display With Large Notch",12 MP + 12 MP + 12 MP Triple Rear & 12 MP Front Camera
Xiaomi Redmi Note 7 Pro,"₹9,549",70,"Qualcomm Snapdragon 675, Octa Core, 2 Ghz Processor","4 Gb Ram, 64 Gb Inbuilt",4000 Mah Battery With Fast Charging,"6.3 Inches, 1080 X 2340 Px Display With Water Drop Notch",48 MP + 5 MP Dual Rear & 13 MP Front Camera
Google Pixel 3 Xl,"₹22,999",70,"Snapdragon 845, Octa Core, 2.8 Ghz Processor","4 Gb Ram, 64 Gb Inbuilt",3430 Mah Battery With Fast Charging,"6.3 Inches, 1440 X 2960 Px Display With Small Notch",12.2 MP Rear & 8 MP + 8 MP Dual Front Camera
Gfive Rose 115,₹999,79,1.2 Mhz Processor,"32 Mb Ram, 32 Mb Inbuilt",1000 Mah Battery,"1.8 Inches, 320 X 480 Px Display",0.3 MP Rear Camera
Itel Power 900,"₹1,756",79,10000 Mah Battery With 10W Fast Charging,"2.8 Inches, 240 X 320 Px Display",0.3 Mp Rear Camera,"Memory Card Supported, Upto 32 Gb",Bluetooth
Oneplus 11 5G Marble Odyssey,"₹64,999",79,"Snapdragon 8 Gen2, Octa Core, 3.2 Ghz Processor","16 Gb Ram, 256 Gb Inbuilt",5000 Mah Battery With 100W Fast Charging,"6.7 Inches, 1440 X 3216 Px, 120 Hz Display With Punch Hole",50 MP + 48 MP + 32 MP Triple Rear & 16 MP Front Camera
Infinix Smart 7 Hd,"₹5,999",61,"Spreadtrum Sc9863A1, Octa Core, 1.6 Ghz Processor","2 Gb Ram, 64 Gb Inbuilt",5000 Mah Battery With 10W Fast Charging,"6.6 Inches, 720 X 1612 Px Display With Water Drop Notch",8 MP + 0.08 MP Dual Rear & 5 MP Front Camera
Tecno Phantom X2 Pro,"₹44,999",89,"Dimensity 9000, Octa Core, 3.05 Ghz Processor","12 Gb Ram, 256 Gb Inbuilt",5160 Mah Battery With 45W Fast Charging,"6.8 Inches, 1080 X 2400 Px, 120 Hz Display With Punch Hole",50 MP + 50 MP + 13 MP Triple Rear & 32 MP Front Camera
Tecno Pova 4,"₹9,999",73,"Helio G99, Octa Core, 2.2 Ghz Processor","8 Gb Ram, 128 Gb Inbuilt",6000 Mah Battery With 18W Fast Charging,"6.82 Inches, 720 X 1600 Px, 90 Hz Display With Water Drop Notch",50 MP Dual Rear & 8 MP Front Camera
Tecno Pova Neo 5G,"₹9,999",71,"Dimensity 810 5G, Octa Core, 2.4 Ghz Processor","4 Gb Ram, 128 Gb Inbuilt",6000 Mah Battery With 18W Fast Charging,"6.8 Inches, 1080 X 2400 Px, 120 Hz Display With Punch Hole",50 MP Dual Rear & 8 MP Front Camera
Nokia C31,"₹4,049",62,"Unisoc  Sc9863A, Octa Core, 1.6 Ghz Processor","3 Gb Ram, 32 Gb Inbuilt",5050 Mah Battery With 10W Fast Charging,"6.74 Inches, 720 X 1600 Px Display With Water Drop Notch",13 MP + 2 MP + 2 MP Triple Rear & 5 MP Front Camera
Realme C30S,"₹6,449",79,"Unisoc Sc9863A, Octa Core, 1.6 Ghz Processor","2 Gb Ram, 32 Gb Inbuilt",5000 Mah Battery With 10W Fast Charging,"6.5 Inches, 720 X 1600 Px Display With Water Drop Notch",8 MP Rear & 5 MP Front Camera
Samsung Galaxy M13,"₹11,199",75,"Exynos  850, Octa Core, 2 Ghz Processor","6 Gb Ram, 128 Gb Inbuilt",6000 Mah Battery With 15W Fast Charging,"6.6 Inches, 1080 X 2400 Px Display With Water Drop Notch",50 MP + 5 MP + 2 MP Triple Rear & 8 MP Front Camera
Vivo Y75 4G,"₹16,670",82,"Helio G96, Octa Core, 2.05 Ghz Processor","8 Gb Ram, 128 Gb Inbuilt",4050 Mah Battery With 44W Fast Charging,"6.44 Inches, 1080 X 2400 Px Display With Water Drop Notch",50 MP + 8 MP + 2 MP Triple Rear & 44 MP Front Camera
Poco M4 5G (6Gb Ram + 128Gb),"₹12,999",79,"Dimensity 700 5G, Octa Core, 2.2 Ghz Processor","6 Gb Ram, 128 Gb Inbuilt",5000 Mah Battery With 18W Fast Charging,"6.58 Inches, 1080 X 2400 Px, 90 Hz Display With Water Drop Notch",50 MP + 2 MP Dual Rear & 8 MP Front Camera
Realme 9 5G Se,"₹19,499",80,"Snapdragon  778G, Octa Core, 2.4 Ghz Processor","6 Gb Ram, 128 Gb Inbuilt",5000 Mah Battery With 30W Fast Charging,"6.6 Inches, 1080 X 2412 Px, 144 Hz Display With Punch Hole",48 MP + 2 MP + 2 MP Triple Rear & 16 MP Front Camera
Realme Narzo 50 (6Gb Ram + 128Gb),"₹11,999",77,"Helio G96, Octa Core, 2 Ghz Processor","6 Gb Ram, 128 Gb Inbuilt",5000 Mah Battery With 33W Fast Charging,"6.6 Inches, 1080 X 2412 Px, 120 Hz Display With Punch Hole",50 MP + 2 MP + 2 MP Triple Rear & 16 MP Front Camera
Realme C35,"₹11,700",71,"Tiger  T616, Octa Core, 2 Ghz Processor","4 Gb Ram, 64 Gb Inbuilt",5000 Mah Battery With 18W Fast Charging,"6.6 Inches, 1080 X 2408 Px Display With Water Drop Notch",50 MP + 2 MP + 0.3 MP Triple Rear & 8 MP Front Camera
Xiaomi 11I Hypercharge 5G (8Gb Ram + 128Gb),"₹21,899",86,"Dimensity  920 5G, Octa Core, 2.5 Ghz Processor","8 Gb Ram, 128 Gb Inbuilt",4500 Mah Battery With 120W Fast Charging,"6.67 Inches, 2400 X 1080 Px, 120 Hz Display With Punch Hole",108 MP + 8 MP + 2 MP Triple Rear & 16 MP Front Camera
Vivo V23E 5G,"₹20,999",84,"Dimensity  810 5G, Octa Core, 2.4 Ghz Processor","8 Gb Ram, 128 Gb Inbuilt",4050 Mah Battery With 44W Fast Charging,"6.44 Inches, 1080 X 2400 Px Display With Water Drop Notch",50 MP + 8 MP + 2 MP Triple Rear & 44 MP Front Camera
Samsung Galaxy Z Flip 4 5G,"₹79,999",88,"Snapdragon  8+ Gen1, Octa Core, 3.2 Ghz Processor","8 Gb Ram, 128 Gb Inbuilt",3700 Mah Battery With 25W Fast Charging,"6.7 Inches, 1080 X 2640 Px, 120 Hz Display With Punch Hole","Foldable Display, Dual Display"
Apple Iphone 13 Pro Max (1Tb),"₹1,79,900",86,"Bionic A15, Hexa Core, 3.22 Ghz Processor","6 Gb Ram, 1 Tb Inbuilt",4352 Mah Battery With Fast Charging,"6.7 Inches, 1284 X 2778 Px, 120 Hz Display With Small Notch",12 MP + 12 MP + 12 MP Triple Rear & 12 MP Front Camera
Iqoo Z3 5G (8Gb Ram + 128Gb),"₹20,990",84,"Snapdragon 768G, Octa Core, 2.8 Ghz Processor","8 Gb Ram, 128 Gb Inbuilt",4400 Mah Battery With 55W Fast Charging,"6.58 Inches, 1080 X 2408 Px, 120 Hz Display With Water Drop Notch",64 MP + 8 MP + 2 MP Triple Rear & 16 MP Front Camera
Xiaomi Redmi 10,"₹9,690",71,"Snapdragon 680, Octa Core, 2.4 Ghz Processor","4 Gb Ram, 64 Gb Inbuilt",6000 Mah Battery With 18W Fast Charging,"6.7 Inches, 720 X 1600 Px Display With Water Drop Notch",50 MP + 2 MP Dual Rear & 5 MP Front Camera
Nokia 215 4G,"₹3,199",79,Unisoc T117,"64 Mb Ram, 128 Mb Inbuilt",1150 Mah Battery,"2.4 Inches, 240 X 320 Px Display",No Rear Camera
Nokia 225 4G,"₹3,699",79,Unisoc T117,"64 Mb Ram, 128 Mb Inbuilt",1150 Mah Battery,"2.4 Inches, 240 X 320 Px Display",0.3 MP Rear Camera
Poco X3,"₹13,999",80,"Snapdragon  732G, Octa Core, 2.3 Ghz Processor","6 Gb Ram, 64 Gb Inbuilt",6000 Mah Battery With 33W Fast Charging,"6.67 Inches, 1080 X 2400 Px, 120 Hz Display With Punch Hole",64 MP Quad Rear & 20 MP Front Camera
Samsung Galaxy S20 Plus,"₹39,890",88,"Exynos 990, Octa Core, 2.73 Ghz Processor","8 Gb Ram, 128 Gb Inbuilt",4500 Mah Battery With 25W Fast Charging,"6.7 Inches, 1440 X 3200 Px, 120 Hz Display With Punch Hole",64 MP Quad Rear & 10 MP Front Camera
Samsung Galaxy A52,"₹24,490",83,"Snapdragon  720G, Octa Core, 2.3 Ghz Processor","6 Gb Ram, 128 Gb Inbuilt",4500 Mah Battery With 25W Fast Charging,"6.5 Inches, 1080 X 2400 Px, 90 Hz Display With Punch Hole",64 MP Quad Rear & 32 MP Front Camera
Samsung Galaxy A51,"₹18,999",82,"Exynos  9611, Octa Core, 2.3 Ghz Processor","6 Gb Ram, 128 Gb Inbuilt",4000 Mah Battery With 15W Fast Charging,"6.5 Inches, 1080 X 2340 Px Display With Punch Hole",48 MP Quad Rear & 32 MP Front Camera
Samsung Galaxy A71,"₹18,999",86,"Snapdragon 730, Octa Core, 2.2 Ghz Processor","8 Gb Ram, 128 Gb Inbuilt",4500 Mah Battery With 25W Fast Charging,"6.7 Inches, 1080 X 2400 Px Display With Punch Hole",64 MP Quad Rear & 32 MP Front Camera
Samsung Metro 313,"₹2,099",79,"Single Core, 208 Mhz Processor","10 Mb Ram, 2 Mb Inbuilt",1000 Mah Battery,"2 Inches, 320 X 240 Px Display",0.3 MP Rear Camera
Samsung Galaxy Z Fold 5 (12Gb Ram + 1Tb),"₹1,84,999",79,"Snapdragon 8 Gen 2, Octa Core, 3.36 Ghz Processor","12 Gb Ram, 1 Tb Inbuilt",4400 Mah Battery With 25W Fast Charging,"7.6 Inches, 1812 X 2176 Px, 120 Hz Display With Punch Hole","Foldable Display, Dual Display"
Ikall K333 Plus,"₹3,420",79,"Quad Core, 1.3 Ghz Processor","2 Gb Ram, 16 Gb Inbuilt",3000 Mah Battery,"2.8 Inches, 240 X 360 Px Display",2 MP Rear & 2 MP Front Camera
Itel Circle 1,"₹1,399",79,1 Mhz Processor,"32 Mb Ram, 32 Mb Inbuilt",500 Mah Battery,"1.32 Inches, 240 X 240 Px Display",0.3 MP Rear Camera
Vivo X90 (12Gb Ram + 256Gb),"₹63,999",89,"Dimensity 9200, Octa Core, 3.05 Ghz Processor","12 Gb Ram, 256 Gb Inbuilt",4810 Mah Battery With 120W Fast Charging,"6.78 Inches, 1260 X 2800 Px, 120 Hz Display With Punch Hole",50 MP + 12 MP + 12 MP Triple Rear & 32 MP Front Camera
Vivo Y22 (4Gb Ram + 128Gb),"₹13,140",73,"Helio G70, Octa Core, 2 Ghz Processor","4 Gb Ram, 128 Gb Inbuilt",5000 Mah Battery With 18W Fast Charging,"6.55 Inches, 720 X 1612 Px Display With Water Drop Notch",50 MP + 2 MP Dual Rear & 8 MP Front Camera
Motorola Moto A10E,"₹1,249",79,"4 Mb Ram, 32 Mb Inbuilt",800 Mah Battery,"1.8 Inches, 128 X 160 Px Display",No Rear Camera,"Memory Card Supported, upto 32 GB"
Realme C33 (4Gb Ram + 64Gb),"₹11,999",67,"Unisoc T612, Octa Core, 1.8 Ghz Processor","4 Gb Ram, 64 Gb Inbuilt",5000 Mah Battery,"6.5 Inches, 720 X 1600 Px Display With Water Drop Notch",50 MP + 0.3 MP Dual Rear & 5 MP Front Camera
Poco C50,"₹5,988",79,"Helio A22, Quad Core, 2 Ghz Processor","2 Gb Ram, 32 Gb Inbuilt",5000 Mah Battery With 10W Fast Charging,"6.52 Inches, 720 X 1600 Px Display With Water Drop Notch",8 MP Dual Rear & 5 MP Front Camera
Motorola Moto G72 4G,"₹17,990",82,"Helio  G99, Octa Core, 2.2 Ghz Processor","6 Gb Ram, 128 Gb Inbuilt",5000 Mah Battery With 33W Fast Charging,"6.55 Inches, 1080 X 2400 Px, 120 Hz Display With Punch Hole",108 MP + 8 MP + 2 MP Triple Rear & 16 MP Front Camera
Vivo V25 Pro (12Gb Ram + 256Gb),"₹32,485",86,"Dimensity 1300, Octa Core, 3 Ghz Processor","12 Gb Ram, 256 Gb Inbuilt",4830 Mah Battery With 66W Fast Charging,"6.56 Inches, 1080 X 2376 Px, 120 Hz Display With Punch Hole",64 MP + 8 MP + 2 MP Triple Rear & 32 MP Front Camera
Tecno Spark 9 (4Gb Ram + 64Gb),"₹6,999",65,"Helio G37, Octa Core, 2.3 Ghz Processor","4 Gb Ram, 64 Gb Inbuilt",5000 Mah Battery,"6.6 Inches, 720 X 1600 Px, 90 Hz Display With Water Drop Notch",13 MP Dual Rear & 8 MP Front Camera
Samsung Galaxy M13 (4Gb Ram + 64Gb),"₹9,199",71,"Exynos  850, Octa Core, 2 Ghz Processor","4 Gb Ram, 64 Gb Inbuilt",6000 Mah Battery With 15W Fast Charging,"6.6 Inches, 1080 X 2400 Px Display With Water Drop Notch",50 MP + 5 MP + 2 MP Triple Rear & 8 MP Front Camera
Infinix Note 12 Pro 5G,"₹18,999",84,"Dimensity 810 5G, Octa Core, 2.4 Ghz Processor","8 Gb Ram, 128 Gb Inbuilt",5000 Mah Battery With 33W Fast Charging,"6.7 Inches, 1080 X 2400 Px Display With Punch Hole",108 MP + 2 MP + 2 MP Triple Rear & 16 MP Front Camera
Samsung Galaxy F13 (4Gb Ram + 128Gb),"₹10,199",75,"Exynos 850, Octa Core, 2 Ghz Processor","4 Gb Ram, 128 Gb Inbuilt",6000 Mah Battery With 15W Fast Charging,"6.6 Inches, 2408 X 1080 Px Display With Water Drop Notch",50 MP + 5 MP + 2 MP Triple Rear & 8 MP Front Camera
Oneplus Nord N20 Se,"₹14,000",72,"Helio G35, Octa Core, 2.3 Ghz Processor","4 Gb Ram, 64 Gb Inbuilt",5000 Mah Battery With 33W Fast Charging,"6.56 Inches, 720 X 1612 Px Display With Water Drop Notch",50 MP + 2 MP Dual Rear & 8 MP Front Camera
Motorola Moto G82 (8Gb Ram + 128Gb),"₹21,899",86,"Snapdragon 695, Octa Core, 2.2 Ghz Processor","8 Gb Ram, 128 Gb Inbuilt",5000 Mah Battery With 30W Fast Charging,"6.6 Inches, 1080 X 2400 Px, 120 Hz Display With Punch Hole",50 MP + 8 MP + 2 MP Triple Rear & 16 MP Front Camera
Oppo F21 Pro 4G,"₹20,999",82,"Snapdragon  680, Octa Core, 2.4 Ghz Processor","8 Gb Ram, 128 Gb Inbuilt",4500 Mah Battery With 33W Fast Charging,"6.5 Inches, 1080 X 2400 Px, 90 Hz Display With Punch Hole",64 MP + 2 MP + 2 MP Triple Rear & 32 MP Front Camera
Motorola Moto G52,"₹17,999",75,"Snapdragon 680, Octa Core, 2.4 Ghz Processor","4 Gb Ram, 64 Gb Inbuilt",5000 Mah Battery With 33W Fast Charging,"6.6 Inches, 2460 X 1080 Px, 90 Hz Display With Punch Hole",50 MP + 8 MP + 2 MP Triple Rear & 16 MP Front Camera
Poco X4 Pro 5G (6Gb Ram + 128Gb),"₹16,790",82,"Snapdragon 695 , Octa Core, 2.2 Ghz Processor","6 Gb Ram, 128 Gb Inbuilt",5000 Mah Battery With 67W Fast Charging,"6.67 Inches, 1080 X 2400 Px, 120 Hz Display With Punch Hole",64 MP + 8 MP + 2 MP Triple Rear & 16 MP Front Camera
Motorola Moto E32,"₹7,999",71,"Helio G37, Octa Core, 2.3 Ghz Processor","4 Gb Ram, 64 Gb Inbuilt",5000 Mah Battery With 10W Fast Charging,"6.5 Inches, 720 X 1600 Px, 90 Hz Display With Punch Hole",50 MP + 2 MP Dual Rear & 8 MP Front Camera
Iqoo 9 Pro 5G (12Gb Ram + 256Gb),"₹44,990",88,"Snapdragon 8 Gen1, Octa Core, 3 Ghz Processor","12 Gb Ram, 256 Gb Inbuilt",4700 Mah Battery With 120W Fast Charging,"6.78 Inches, 1440 X 3200 Px, 120 Hz Display With Punch Hole",50 MP + 50 MP + 16 MP Triple Rear & 16 MP Front Camera
Motorola Edge 30 5G,"₹24,490",83,"Snapdragon 778G+, Octa Core, 2.5 Ghz Processor","6 Gb Ram, 128 Gb Inbuilt",4020 Mah Battery With 33W Fast Charging,"6.5 Inches, 1080 X 2400 Px, 144 Hz Display With Punch Hole",50 MP + 50 MP + 2 MP Triple Rear & 32 MP Front Camera
Motorola Moto G22,"₹9,999",75,"Helio  G37, Octa Core, 2.3 Ghz Processor","4 Gb Ram, 64 Gb Inbuilt",5000 Mah Battery With 20W Fast Charging,"6.53 Inches, 720 X 1600 Px, 90 Hz Display With Punch Hole",50 MP Quad Rear & 16 MP Front Camera
Xiaomi Redmi Note 11S,"₹13,298",80,"Helio  G96, Octa Core, 2.05 Ghz Processor","6 Gb Ram, 64 Gb Inbuilt",5000 Mah Battery With 33W Fast Charging,"6.43 Inches, 1080 X 2400 Px, 90 Hz Display With Punch Hole",108 MP Quad Rear & 16 MP Front Camera
Xiaomi Redmi Note 10S (8Gb Ram + 128Gb),"₹13,499",82,"Helio G95, Octa Core, 2.05 Ghz Processor","8 Gb Ram, 128 Gb Inbuilt",5000 Mah Battery With 33W Fast Charging,"6.43 Inches, 1080 X 2400 Px Display With Punch Hole",64 MP Quad Rear & 13 MP Front Camera
Xiaomi Redmi Note 11T 5G,"₹15,640",79,"Dimensity  810 5G, Octa Core, 2.4 Ghz Processor","6 Gb Ram, 64 Gb Inbuilt",5000 Mah Battery With 33W Fast Charging,"6.6 Inches, 1080 X 2400 Px, 90 Hz Display With Punch Hole",50 MP + 8 MP Dual Rear & 16 MP Front Camera
Tecno Pova 2,"₹12,499",74,"Helio G85, Octa Core, 2 Ghz Processor","4 Gb Ram, 64 Gb Inbuilt",7000 Mah Battery With 18W Fast Charging,"6.95 Inches, 1080 X 2460 Px Display With Punch Hole",48 MP Quad Rear & 8 MP Front Camera
Xiaomi Redmi 10A,"₹4,499",64,"Helio  G25, Octa Core, 2 Ghz Processor","3 Gb Ram, 32 Gb Inbuilt",5000 Mah Battery,"6.53 Inches, 720 X 1600 Px Display With Water Drop Notch",13 MP Rear & 5 MP Front Camera
Nokia G20,"₹7,799",73,"Helio G35, Octa Core, 2.3 Ghz Processor","4 Gb Ram, 64 Gb Inbuilt",5050 Mah Battery,"6.52 Inches, 720 X 1600 Px Display With Water Drop Notch",48 MP Quad Rear & 8 MP Front Camera
Iqoo Z3,"₹19,990",81,"Snapdragon 768G, Octa Core, 2.8 Ghz Processor","6 Gb Ram, 128 Gb Inbuilt",4400 Mah Battery With 55W Fast Charging,"6.58 Inches, 1080 X 2408 Px, 120 Hz Display With Water Drop Notch",64 MP + 8 MP + 2 MP Triple Rear & 16 MP Front Camera
Oppo A74 5G,"₹17,990",77,"Snapdragon  480 , Octa Core, 2 Ghz Processor","6 Gb Ram, 128 Gb Inbuilt",5000 Mah Battery With 18W Fast Charging,"6.5 Inches, 1080 X 2400 Px, 90 Hz Display With Punch Hole",48 MP + 2 MP + 2 MP Triple Rear & 8 MP Front Camera
Xiaomi Redmi Note 10 Pro (6Gb Ram + 128Gb),"₹19,899",81,"Snapdragon 732G , Octa Core, 2.3 Ghz Processor","6 Gb Ram, 128 Gb Inbuilt",5020 Mah Battery With 33W Fast Charging,"6.67 Inches, 1080 X 2400 Px, 120 Hz Display With Punch Hole",64 MP Quad Rear & 16 MP Front Camera
Vivo X60,"₹35,999",84,"Snapdragon  870 , Octa Core, 3.2 Ghz Processor","8 Gb Ram, 128 Gb Inbuilt",4300 Mah Battery With 33W Fast Charging,"6.56 Inches, 1080 X 2376 Px, 120 Hz Display With Punch Hole",48 MP + 13 MP + 13 MP Triple Rear & 32 MP Front Camera
Vivo V20 Pro,"₹24,999",84,"Snapdragon 765G , Octa Core, 2.4 Ghz Processor","8 Gb Ram, 128 Gb Inbuilt",4000 Mah Battery With 33W Fast Charging,"6.44 Inches, 1080 X 2400 Px Display With Small Notch",64 MP + 8 MP + 2 MP Triple Rear & 44 MP + 8 MP Dual Front Camera
Xiaomi Mi 10I,"₹19,960",84,"Snapdragon  750G, Octa Core, 2.2 Ghz Processor","6 Gb Ram, 128 Gb Inbuilt",4820 Mah Battery With 33W Fast Charging,"6.67 Inches, 1080 X 2400 Px, 120 Hz Display With Punch Hole",108 MP Quad Rear & 16 MP Front Camera
Xiaomi Redmi 9A,"₹6,349",61,"Helio G25, Octa Core, 2 Ghz Processor","2 Gb Ram, 32 Gb Inbuilt",5000 Mah Battery,"6.53 Inches, 720 X 1600 Px Display With Water Drop Notch",13 MP Rear & 5 MP Front Camera
Samsung Galaxy Z Flip,"₹40,999",81,"Snapdragon 855+, Octa Core, 2.96 Ghz Processor","8 Gb Ram, 256 Gb Inbuilt",3300 Mah Battery With 15W Fast Charging,"6.7 Inches, 1080 X 2636 Px Display With Punch Hole","Foldable Display, Dual Display"
Xiaomi Redmi Note 9,"₹11,990",75,"Helio G85, Octa Core, 2 Ghz Processor","4 Gb Ram, 64 Gb Inbuilt",5020 Mah Battery With 22.5W Fast Charging,"6.53 Inches, 1080 X 2340 Px Display With Punch Hole",48 MP Quad Rear & 13 MP Front Camera
Xiaomi Poco F1,"₹10,750",77,"Snapdragon 845, Octa Core, 2.8 Ghz Processor","6 Gb Ram, 64 Gb Inbuilt",4000 Mah Battery With Fast Charging,"6.18 Inches, 1080 X 2246 Px Display With Large Notch",12 MP + 5 MP Dual Rear & 20 MP Front Camera
Google Pixel 3,"₹21,899",70,"Snapdragon 845, Octa Core, 2.8 Ghz Processor","4 Gb Ram, 64 Gb Inbuilt",2915 Mah Battery With Fast Charging,"5.5 Inches, 1080 X 2160 Px Display",12.2 MP Rear & 8 MP + 8 MP Dual Front Camera
Blackzone Flipper X,"₹1,794",79,500 Khz Processor,"64 Mb Ram, 64 Mb Inbuilt",1100 Mah Battery,"2.4 Inches, 320 X 240 Px Display",Dual Display
Ikall S2 Pro,"₹9,489",63,Quad Core Processor,"6 Gb Ram, 128 Gb Inbuilt",6000 Mah Battery,"6.8 Inches, 720 X 1600 Px Display With Water Drop Notch",21 MP + 5 MP + 2 MP Triple Rear & 8 MP Front Camera
Nokia 105 Dual Sim 2023,"₹1,449",79,No Wifi,"4 Mb Ram, 4 Mb Inbuilt",1000 Mah Battery,"1.8 Inches, 120 X 160 Px Display",No Rear Camera
Itel Super Guru 400,"₹1,599",79,"Sc6531C, 312 Mhz Processor",32 Mb Ram,1200 Mah Battery,2.4 Inches Display,1.3 MP Rear Camera
Itel Muzik 430,"₹1,590",79,No Wifi,208 Mhz Processor,"32 Mb Ram, 32 Mb Inbuilt",3000 Mah Battery,"2.4 inches, 240 x 320 px Display"
Nokia C32 (4Gb Ram + 128 Gb),"₹8,779",69,"Unisoc Sc9863A, Octa Core, 1.6 Ghz Processor","4 Gb Ram, 128 Gb Inbuilt",5000 Mah Battery,"6.52 Inches, 720 X 1600 Px Display With Water Drop Notch",50 MP + 2 MP Dual Rear & 8 MP Front Camera
Tecno Spark 10 5G (8Gb Ram + 256Gb),"₹14,999",80,"Dimensity 6020, Octa Core, 2.2 Ghz Processor","8 Gb Ram, 256 Gb Inbuilt",5000 Mah Battery With 18W Fast Charging,"6.56 Inches, 720 X 1612 Px, 90 Hz Display With Water Drop Notch",50 MP Dual Rear & 8 MP Front Camera
Nokia C32,"₹7,684",68,"Unisoc Sc9863A, Octa Core, 1.6 Ghz Processor","4 Gb Ram, 64 Gb Inbuilt",5000 Mah Battery,"6.52 Inches, 720 X 1600 Px Display With Water Drop Notch",50 MP + 2 MP Dual Rear & 8 MP Front Camera
Lava Yuva 2 Pro,"₹7,697",65,"Helio G37, Octa Core, 2.3 Ghz Processor","4 Gb Ram, 64 Gb Inbuilt",5000 Mah Battery With 10W Fast Charging,"6.5 Inches, 1600 X 720 Px Display With Water Drop Notch",13 MP Triple Rear & 5 MP Front Camera
Vivo Y02 (2Gb Ram + 32Gb),"₹9,499",79,"Helio, Octa Core Processor","2 Gb Ram, 32 Gb Inbuilt",5000 Mah Battery With 10W Fast Charging,"6.51 Inches, 720 X 1600 Px Display With Water Drop Notch",8 MP Rear & 5 MP Front Camera
Tecno Spark Go 2023,"₹6,573",62,"Helio A22, Quad Core, 2 Ghz Processor","3 Gb Ram, 32 Gb Inbuilt",5000 Mah Battery With 10W Fast Charging,"6.56 Inches, 720 X 1600 Px Display With Water Drop Notch",13 MP Dual Rear & 5 MP Front Camera
Nokia C31 (4Gb Ram + 64Gb),"₹4,499",65,"Unisoc  Sc9863A, Octa Core, 1.6 Ghz Processor","4 Gb Ram, 64 Gb Inbuilt",5050 Mah Battery With 10W Fast Charging,"6.74 Inches, 720 X 1600 Px Display With Water Drop Notch",13 MP + 2 MP + 2 MP Triple Rear & 5 MP Front Camera
Infinix Hot 20 Play,"₹7,499",67,"Helio G37, Octa Core, 2.3 Ghz Processor","4 Gb Ram, 64 Gb Inbuilt",6000 Mah Battery With 18W Fast Charging,"6.82 Inches, 720 X 1640 Px, 90 Hz Display With Punch Hole",13 MP Dual Rear & 8 MP Front Camera
Oneplus 10R Prime Edition,"₹29,999",85,"Dimensity 8100 Max, Octa Core, 2.85 Ghz Processor","8 Gb Ram, 128 Gb Inbuilt",5000 Mah Battery With 80W Fast Charging,"6.7 Inches, 1080 X 2412 Px, 120 Hz Display With Punch Hole",50 MP + 8 MP + 2 MP Triple Rear & 16 MP Front Camera
Vivo V25 (12Gb Ram + 256Gb),"₹27,385",85,"Dimensity  900, Octa Core, 2 Ghz Processor","12 Gb Ram, 256 Gb Inbuilt",4500 Mah Battery With 44W Fast Charging,"6.44 Inches, 1080 X 2408 Px, 90 Hz Display With Water Drop Notch",64 MP + 8 MP + 2 MP Triple Rear & 50 MP Front Camera
Realme Narzo 50I Prime (4Gb Ram + 64Gb),"₹6,899",64,"Tiger T612, Octa Core, 1.82 Ghz Processor","4 Gb Ram, 64 Gb Inbuilt",5000 Mah Battery With 10W Fast Charging,"6.5 Inches, 720 X 1600 Px Display With Water Drop Notch",8 MP Rear & 5 MP Front Camera
Apple Iphone 14 (512Gb),"₹86,999",82,"Bionic A15, Hexa Core, 3.22 Ghz Processor","6 Gb Ram, 512 Gb Inbuilt",3279 Mah Battery With Fast Charging,"6.1 Inches, 1170 X 2532 Px Display With Small Notch",12 MP + 12 MP Dual Rear & 12 MP Front Camera
Infinix Zero 20,"₹17,999",87,"Helio G99, Octa Core, 2.2 Ghz Processor","8 Gb Ram, 128 Gb Inbuilt",4500 Mah Battery With 45W Fast Charging,"6.7 Inches, 1080 X 2400 Px, 90 Hz Display With Water Drop Notch",108 MP + 13 MP + 2 MP Triple Rear & 60 MP Front Camera
Oppo A77,"₹12,298",70,"Helio G35, Octa Core, 2.3 Ghz Processor","4 Gb Ram, 64 Gb Inbuilt",5000 Mah Battery With 33W Fast Charging,"6.56 Inches, 720 X 1600 Px Display With Water Drop Notch",50 MP Dual Rear & 8 MP Front Camera
Realme Narzo 50 Pro 5G (8Gb Ram + 128Gb),"₹18,499",80,"Dimensity 920 5G, Octa Core, 2.5 Ghz Processor","8 Gb Ram, 128 Gb Inbuilt",5000 Mah Battery With 33W Fast Charging,"6.4 Inches, 1080 X 2400 Px, 90 Hz Display With Punch Hole",48 MP + 8 MP + 2 MP Triple Rear & 16 MP Front Camera
Infinix Hot 12 Play,"₹8,999",66,"Tiger T610, Octa Core, 1.82 Ghz Processor","4 Gb Ram, 64 Gb Inbuilt",6000 Mah Battery With 18W Fast Charging,"6.82 Inches, 1640 X 720 Px, 90 Hz Display With Punch Hole",13 MP Dual Rear & 8 MP Front Camera
Iqoo Z6 4G,"₹13,499",77,"Snapdragon  680, Octa Core, 2.4 Ghz Processor","4 Gb Ram, 128 Gb Inbuilt",5000 Mah Battery With 44W Fast Charging,"6.44 Inches, 1080 X 2400 Px, 120 Hz Display With Water Drop Notch",50 MP + 2 MP + 2 MP Triple Rear & 16 MP Front Camera
Samsung Galaxy A13 (4Gb Ram + 128Gb),"₹9,799",75,"Octa Core, 2 Ghz Processor","4 Gb Ram, 128 Gb Inbuilt",5000 Mah Battery With 25W Fast Charging,"6.6 Inches, 1080 X 2408 Px Display With Water Drop Notch",50 MP Quad Rear & 8 MP Front Camera
Samsung Galaxy A13 (6Gb Ram + 128Gb),"₹10,849",78,"Octa Core, 2 Ghz Processor","6 Gb Ram, 128 Gb Inbuilt",5000 Mah Battery With 25W Fast Charging,"6.6 Inches, 1080 X 2408 Px Display With Water Drop Notch",50 MP Quad Rear & 8 MP Front Camera
Samsung Galaxy A03 (4Gb Ram + 64Gb),"₹6,899",70,"Unisoc  T606, Octa Core, 2 Ghz Processor","4 Gb Ram, 64 Gb Inbuilt",5000 Mah Battery With 15W Fast Charging,"6.5 Inches, 720 X 1560 Px Display With Water Drop Notch",48 MP + 2 MP Dual Rear & 5 MP Front Camera
Vivo T1 Pro,"₹22,990",81,"Snapdragon 778G, Octa Core, 2.4 Ghz Processor","6 Gb Ram, 128 Gb Inbuilt",4700 Mah Battery With 66W Fast Charging,"6.44 Inches, 1080 X 2404 Px, 90 Hz Display With Water Drop Notch",64 MP + 8 MP + 2 MP Triple Rear & 16 MP Front Camera
Samsung Galaxy S22 Plus 5G (8Gb Ram + 256Gb),"₹88,999",88,"Snapdragon  8 Gen1, Octa Core, 3 Ghz Processor","8 Gb Ram, 256 Gb Inbuilt",4500 Mah Battery With 45W Fast Charging,"6.6 Inches, 1080 X 2340 Px, 120 Hz Display With Punch Hole",50 MP + 12 MP + 10 MP Triple Rear & 10 MP Front Camera
Realme 9 Pro Plus 5G (8Gb Ram + 256Gb),"₹28,881",82,"Dimensity  920 5G, Octa Core, 2.5 Ghz Processor","8 Gb Ram, 256 Gb Inbuilt",4500 Mah Battery With 60W Fast Charging,"6.4 Inches, 1080 X 2400 Px, 90 Hz Display With Punch Hole",50 MP + 8 MP + 2 MP Triple Rear & 16 MP Front Camera
Tecno Pova 3,"₹10,598",74,"Helio G88, Octa Core, 2 Ghz Processor","4 Gb Ram, 64 Gb Inbuilt",7000 Mah Battery With 33W Fast Charging,"6.95 Inches, 1080 X 2460 Px, 90 Hz Display With Punch Hole",50 MP + 2 MP + 2 MP Triple Rear & 8 MP Front Camera
Poco M4 Pro 4G,"₹12,490",77,"Helio G96, Octa Core, 2.05 Ghz Processor","6 Gb Ram, 64 Gb Inbuilt",5000 Mah Battery With 33W Fast Charging,"6.43 Inches, 1080 X 2400 Px, 90 Hz Display With Punch Hole",64 MP + 8 MP + 2 MP Triple Rear & 16 MP Front Camera
Xiaomi Redmi Note 11 Pro Plus 5G (8Gb Ram + 128Gb),"₹21,099",86,"Snapdragon  695, Octa Core, 2.2 Ghz Processor","8 Gb Ram, 128 Gb Inbuilt",5000 Mah Battery With 67W Fast Charging,"6.67 Inches, 1080 X 2400 Px, 120 Hz Display With Punch Hole",108 MP + 8 MP + 2 MP Triple Rear & 16 MP Front Camera
Realme 9 Pro Plus 5G,"₹27,999",78,"Dimensity  920 5G, Octa Core, 2.5 Ghz Processor","6 Gb Ram, 128 Gb Inbuilt",4500 Mah Battery With 60W Fast Charging,"6.4 Inches, 1080 X 2400 Px, 90 Hz Display With Punch Hole",50 MP + 8 MP + 2 MP Triple Rear & 16 MP Front Camera
Motorola Moto G51 5G,"₹14,999",77,"Snapdragon  480+, Octa Core, 2.2 Ghz Processor","4 Gb Ram, 64 Gb Inbuilt",5000 Mah Battery,"6.8 Inches, 1080 X 2400 Px, 120 Hz Display With Punch Hole",50 MP + 8 MP + 2 MP Triple Rear & 13 MP Front Camera
Iqoo Z5 5G (12Gb Ram + 256Gb),"₹25,990",84,"Snapdragon 778G, Octa Core, 2.4 Ghz Processor","12 Gb Ram, 256 Gb Inbuilt",5000 Mah Battery With 44W Fast Charging,"6.67 Inches, 1080 X 2400 Px, 120 Hz Display With Punch Hole",64 MP + 8 MP + 2 MP Triple Rear & 16 MP Front Camera
Realme Narzo 50I (4Gb Ram + 64Gb),"₹7,499",62,"Unisoc  Sc9863A, Octa Core, 1.6 Ghz Processor","4 Gb Ram, 64 Gb Inbuilt",5000 Mah Battery,"6.5 Inches, 720 X 1600 Px Display With Water Drop Notch",8 MP Rear & 5 MP Front Camera
Tecno Spark 8 Pro,"₹8,099",72,"Helio G85 , Octa Core, 2 Ghz Processor","4 Gb Ram, 64 Gb Inbuilt",5000 Mah Battery With 33W Fast Charging,"6.8 Inches, 1080 X 2460 Px Display With Punch Hole",48 MP Triple Rear & 8 MP Front Camera
Vivo Y73 2021,"₹17,999",80,"Helio G95, Octa Core, 2.05 Ghz Processor","8 Gb Ram, 128 Gb Inbuilt",4000 Mah Battery With 33W Fast Charging,"6.44 Inches, 1080 X 2400 Px Display With Water Drop Notch",64 MP + 2 MP + 2 MP Triple Rear & 16 MP Front Camera
Realme 9 4G,"₹16,790",81,"Snapdragon 680, Octa Core, 2.4 Ghz Processor","6 Gb Ram, 128 Gb Inbuilt",5000 Mah Battery With 33W Fast Charging,"6.4 Inches, 1080 X 2400 Px, 90 Hz Display With Punch Hole",108 MP + 8 MP + 2 MP Triple Rear & 16 MP Front Camera
Motorola Moto G40 Fusion,"₹13,989",77,"Snapdragon  732G, Octa Core, 2.3 Ghz Processor","4 Gb Ram, 64 Gb Inbuilt",6000 Mah Battery With 20W Fast Charging,"6.78 Inches, 1080 X 2460 Px, 120 Hz Display With Punch Hole",64 MP + 8 MP + 2 MP Triple Rear & 16 MP Front Camera
Vivo X70 Pro Plus 5G,"₹54,990",79,"Snapdragon  888+, Octa Core, 2.9 Ghz Processor","12 Gb Ram, 256 Gb Inbuilt",4500 Mah Battery With 55W Fast Charging,"6.78 Inches, 1440 X 3200 Px, 120 Hz Display With Punch Hole",50 MP Quad Rear & 32 MP Front Camera
Oppo Reno 6,"₹26,999",83,"Dimensity 900, Octa Core, 2 Ghz Processor","8 Gb Ram, 128 Gb Inbuilt",4300 Mah Battery With 65W Fast Charging,"6.43 Inches, 1080 X 2400 Px, 90 Hz Display With Punch Hole",64 MP + 8 MP + 2 MP Triple Rear & 32 MP Front Camera
Samsung Galaxy A22,"₹12,990",76,"Helio G80, Octa Core, 2 Ghz Processor","6 Gb Ram, 128 Gb Inbuilt",5000 Mah Battery With 15W Fast Charging,"6.4 Inches, 720 X 1600 Px Display With Water Drop Notch",48 MP Quad Rear & 13 MP Front Camera
Samsung Galaxy S21 5G (8Gb Ram + 256Gb),"₹73,999",88,"Exynos  2100, Octa Core, 2.9 Ghz Processor","8 Gb Ram, 256 Gb Inbuilt",4000 Mah Battery With 25W Fast Charging,"6.2 Inches, 1080 X 2400 Px, 120 Hz Display With Punch Hole",64 MP + 12 MP + 12 MP Triple Rear & 10 MP Front Camera
Xiaomi Redmi 9 Power,"₹12,499",74,"Snapdragon  662 , Octa Core, 2 Ghz Processor","4 Gb Ram, 64 Gb Inbuilt",6000 Mah Battery With 18W Fast Charging,"6.53 Inches, 1080 X 2340 Px Display With Water Drop Notch",48 MP Quad Rear & 8 MP Front Camera
Apple Iphone 12 (256Gb),"₹63,999",76,"Bionic A14, Hexa Core, 3.1 Ghz Processor","4 Gb Ram, 256 Gb Inbuilt","6.1 Inches, 1170 X 2532 Px Display With Large Notch",12 Mp + 12 Mp Dual Rear & 12 Mp Front Camera,Memory Card Not Supported
Vivo V20,"₹29,999",85,"Snapdragon  720G , Octa Core, 2.3 Ghz Processor","8 Gb Ram, 128 Gb Inbuilt",4000 Mah Battery With 33W Fast Charging,"6.44 Inches, 1080 X 2400 Px Display With Water Drop Notch",64 MP + 8 MP + 2 MP Triple Rear & 44 MP Front Camera
Poco M2 Pro,"₹10,480",76,"Snapdragon 720G, Octa Core, 2.3 Ghz Processor","4 Gb Ram, 64 Gb Inbuilt",5000 Mah Battery With 33W Fast Charging,"6.67 Inches, 1080 X 2400 Px Display With Punch Hole",48 MP Quad Rear & 16 MP Front Camera
Oppo A31 2020 (6Gb Ram + 128Gb),"₹12,490",72,"Helio P35, Octa Core, 2.3 Ghz Processor","6 Gb Ram, 128 Gb Inbuilt",4230 Mah Battery,"6.5 Inches, 720 X 1600 Px Display With Water Drop Notch",12 MP + 2 MP + 2 MP Triple Rear & 8 MP Front Camera
Samsung Galaxy A12,"₹10,945",71,"Helio P35, Octa Core, 2.3 Ghz Processor","4 Gb Ram, 64 Gb Inbuilt",5000 Mah Battery With 15W Fast Charging,"6.5 Inches, 720 X 1560 Px Display With Water Drop Notch",48 MP Quad Rear & 8 MP Front Camera
Xiaomi Redmi Note 8 Pro (8Gb Ram + 128Gb),"₹17,999",82,"Helio  G90T, Octa Core, 2.05 Ghz Processor","8 Gb Ram, 128 Gb Inbuilt",4500 Mah Battery With 18W Fast Charging,"6.53 Inches, 1080 X 2340 Px Display With Water Drop Notch",64 MP Quad Rear & 20 MP Front Camera
Samsung Galaxy A30S,"₹11,999",71,"Exynos  7904, Octa Core, 1.8 Ghz Processor","4 Gb Ram, 64 Gb Inbuilt",4000 Mah Battery With 15W Fast Charging,"6.4 Inches, 720 X 1560 Px Display With Water Drop Notch",25 MP + 8 MP + 5 MP Triple Rear & 16 MP Front Camera
Samsung Galaxy Note 10,"₹49,990",87,"Exynos  9825, Octa Core, 2.73 Ghz Processor","8 Gb Ram, 256 Gb Inbuilt",3500 Mah Battery With 25W Fast Charging,"6.3 Inches, 1080 X 2280 Px Display With Punch Hole",16 MP + 12 MP + 12 MP Triple Rear & 10 MP Front Camera
Samsung Galaxy S10 Lite,"₹33,990",86,"Snapdragon  855, Octa Core, 2.8 Ghz Processor","8 Gb Ram, 128 Gb Inbuilt",4500 Mah Battery With Fast Charging,"6.7 Inches, 1080 X 2400 Px Display With Punch Hole",48 MP + 12 MP + 5 MP Triple Rear & 32 MP Front Camera
Oneplus 6 (8Gb Ram + 128Gb),"₹37,999",77,"Snapdragon 845, Octa Core, 2.8 Ghz Processor","8 Gb Ram, 128 Gb Inbuilt",3300 Mah Battery,"6.28 Inches, 1080 X 2280 Px Display",20 MP + 16 MP Dual Rear & 16 MP Front Camera
Snexian Bold 4G,"₹2,499",79,Quad Core Processor,"2 Gb Ram, 16 Gb Inbuilt",3000 Mah Battery,"2.8 Inches, 240 X 320 Px Display",1.3 MP Rear Camera
Ikall Z14 Pro,"₹8,399",63,"Quad Core, 1.6 Ghz Processor","6 Gb Ram, 128 Gb Inbuilt",5000 Mah Battery,"6.5 Inches, 720 X 1600 Px Display With Water Drop Notch",13 MP Rear & 8 MP Front Camera
Google Pixel 8 (8Gb Ram + 256 Gb),"₹82,999",78,"Tensor G3, Nine Core, 3 Ghz Processor","8 Gb Ram, 256 Gb Inbuilt",4575 Mah Battery With 30W Fast Charging,"6.2 Inches, 1080 X 2400 Px, 120 Hz Display With Punch Hole",50 MP + 12 MP Dual Rear & 10.5 MP Front Camera
Motorola Moto A50G,"₹1,499",79,"4 Mb Ram, 4 Mb Inbuilt",1750 Mah Battery,"1.8 Inches, 160 X 128 Px Display",0.3 Mp Rear Camera,"Memory Card Supported, upto 32 GB"
Apple Iphone 15 Plus (512Gb),"₹1,19,900",86,"Bionic  A16, Hexa Core, 3.46 Ghz Processor","6 Gb Ram, 512 Gb Inbuilt",4383 Mah Battery With Fast Charging,"6.7 Inches, 1290 X 2796 Px Display With Dynamic Island",48 MP + 12 MP Dual Rear & 12 MP Front Camera
Tecno Spark 10 Pro Moon Explorer Edition,"₹11,390",81,"Helio  G88, Octa Core, 2 Ghz Processor","8 Gb Ram, 128 Gb Inbuilt",5000 Mah Battery With 18W Fast Charging,"6.8 Inches, 1080 X 2460 Px, 90 Hz Display With Punch Hole",50 MP Dual Rear & 32 MP Front Camera
Tecno Camon 20 Avocado Art Edition,"₹14,897",83,"Helio G85, Octa Core, 2 Ghz Processor","8 Gb Ram, 256 Gb Inbuilt",5000 Mah Battery With 33W Fast Charging,"6.67 Inches, 1080 X 2400 Px Display With Punch Hole",64 MP + 2 MP Triple Rear & 32 MP Front Camera
Itel A05S,"₹6,499",79,"Unisoc Sc9863A, Octa Core, 1.6 Ghz Processor","2 Gb Ram, 32 Gb Inbuilt",4000 Mah Battery,"6.6 Inches, 720 X 1612 Px Display With Water Drop Notch",5 MP Rear & 5 MP Front Camera
Xiaomi Redmi A2 Plus ( 4Gb Ram + 128Gb),"₹7,885",67,"Helio G36, Octa Core, 2.2 Ghz Processor","4 Gb Ram, 128 Gb Inbuilt",5000 Mah Battery With 10W Fast Charging,"6.52 Inches, 720 X 1600 Px Display With Water Drop Notch",8 MP + 0.08 MP Dual Rear & 5 MP Front Camera
Samsung Galaxy Z Fold 5 (12Gb Ram + 512Gb),"₹1,64,999",79,"Snapdragon 8 Gen 2, Octa Core, 3.36 Ghz Processor","12 Gb Ram, 512 Gb Inbuilt",4400 Mah Battery With 25W Fast Charging,"7.6 Inches, 1812 X 2176 Px, 120 Hz Display With Punch Hole","Foldable Display, Dual Display"
Itel Super Guru 600,"₹1,709",79,"Sc6531C, 312 Mhz Processor",32 Mb Inbuilt,1900 Mah Battery,2.8 Inches Display,1.3 MP Rear Camera
Nokia C12 Pro (4Gb Ram + 64Gb),"₹7,099",60,"Unisoc Sc9863A1, Octa Core, 1.6 Ghz Processor","4 Gb Ram, 64 Gb Inbuilt",4000 Mah Battery,"6.3 Inches, 720 X 1600 Px Display With Water Drop Notch",8 MP Rear & 5 MP Front Camera
Nokia 106 (2023),"₹1,349",79,"4 Mb Ram, 4 Mb Inbuilt",1000 Mah Battery,"1.8 Inches, 120 X 160 Px Display",No Rear Camera,"Memory Card Supported, upto 32 GB"
Snexian Rock R7 Flip,₹999,79,No 3G,No Wifi,1 Mhz Processor,"32 Mb Ram, 32 Mb Inbuilt",1000 mAh Battery
Tecno Spark Go 2023 (4Gb Ram + 64Gb),"₹6,998",65,"Helio A22, Quad Core, 2 Ghz Processor","4 Gb Ram, 64 Gb Inbuilt",5000 Mah Battery With 10W Fast Charging,"6.56 Inches, 720 X 1600 Px Display With Water Drop Notch",13 MP Dual Rear & 5 MP Front Camera
Itel A60,"₹5,635",79,"Unisoc  Sc9832E, Quad Core Processor","2 Gb Ram, 32 Gb Inbuilt",5000 Mah Battery,"6.6 Inches, 720 X 1612 Px Display With Water Drop Notch",8 MP Dual Rear & 5 MP Front Camera
Tecno Pop 7 Pro (3Gb Ram + 64Gb),"₹6,099",63,"Helio A22, Quad Core, 2 Ghz Processor","3 Gb Ram, 64 Gb Inbuilt",5000 Mah Battery With 10W Fast Charging,"6.56 Inches, 720 X 1612 Px Display With Water Drop Notch",12 MP Dual Rear & 5 MP Front Camera
Samsung Galaxy A04S (4Gb Ram + 128Gb),"₹10,799",72,"Exynos 850, Octa Core, 2 Ghz Processor","4 Gb Ram, 128 Gb Inbuilt",5000 Mah Battery With 15W Fast Charging,"6.5 Inches, 720 X 1600 Px, 90 Hz Display With Water Drop Notch",50 MP + 2 MP + 2 MP Triple Rear & 5 MP Front Camera
Poco C50 (3Gb Ram + 32Gb),"₹5,799",61,"Helio A22, Quad Core, 2 Ghz Processor","3 Gb Ram, 32 Gb Inbuilt",5000 Mah Battery With 10W Fast Charging,"6.52 Inches, 720 X 1600 Px Display With Water Drop Notch",8 MP Dual Rear & 5 MP Front Camera
Vivo Y16 (3Gb Ram + 64Gb),"₹10,143",66,"Helio P35, Octa Core, 2.3 Ghz Processor","3 Gb Ram, 64 Gb Inbuilt",5000 Mah Battery With 10W Fast Charging,"6.51 Inches, 720 X 1600 Px Display With Water Drop Notch",13 MP + 2 MP Dual Rear & 5 MP Front Camera
Lava Gem Power,"₹1,589",79,No 3G,No Wifi,"512 Mb Ram, 512 Mb Inbuilt",2575 Mah Battery,"2.8 inches, 320 x 240 px Display"
Infinix Hot 20,"₹13,208",75,"Dimensity 810, Octa Core, 2.4 Ghz Processor","4 Gb Ram, 64 Gb Inbuilt",5000 Mah Battery With 18W Fast Charging,"6.6 Inches, 1080 X 2408 Px, 120 Hz Display With Water Drop Notch",50 MP Dual Rear & 8 MP Front Camera
Realme Gt Neo 3T (8Gb Ram + 128Gb),"₹31,999",81,"Snapdragon 870, Octa Core, 3.2 Ghz Processor","8 Gb Ram, 128 Gb Inbuilt",5000 Mah Battery With 80W Fast Charging,"6.62 Inches, 1080 X 2400 Px, 120 Hz Display With Punch Hole",64 MP + 8 MP + 2 MP Triple Rear & 16 MP Front Camera
Oppo A77 (4Gb Ram + 128 Gb),"₹13,999",71,"Helio G35, Octa Core, 2.3 Ghz Processor","4 Gb Ram, 128 Gb Inbuilt",5000 Mah Battery With 33W Fast Charging,"6.56 Inches, 720 X 1600 Px Display With Water Drop Notch",50 MP Dual Rear & 8 MP Front Camera
Xiaomi Redmi A1,"₹6,778",79,"Helio A22, Quad Core, 2 Ghz Processor","2 Gb Ram, 32 Gb Inbuilt",5000 Mah Battery With 10W Fast Charging,"6.52 Inches, 720 X 1600 Px Display With Water Drop Notch",8 MP Dual Rear & 5 MP Front Camera
Vivo T1X (6Gb Ram + 128Gb),"₹14,500",77,"Snapdragon 680, Octa Core, 2.4 Ghz Processor","6 Gb Ram, 128 Gb Inbuilt",5000 Mah Battery With 18W Fast Charging,"6.58 Inches, 1080 X 2408 Px, 90 Hz Display With Water Drop Notch",50 MP + 2 MP Dual Rear & 8 MP Front Camera
Iqoo 9T 5G,"₹49,499",85,"Snapdragon  8+ Gen1, Octa Core, 3.2 Ghz Processor","8 Gb Ram, 128 Gb Inbuilt",4700 Mah Battery With 120W Fast Charging,"6.78 Inches, 1080 X 2400 Px, 120 Hz Display With Punch Hole",50 MP + 13 MP + 12 MP Triple Rear & 16 MP Front Camera
Poco F4 (12Gb Ram + 256Gb),"₹33,999",86,"Snapdragon  870, Octa Core, 3.2 Ghz Processor","12 Gb Ram, 256 Gb Inbuilt",4500 Mah Battery With 67W Fast Charging,"6.67 Inches, 1080 X 2400 Px, 120 Hz Display With Punch Hole",64 MP + 8 MP + 2 MP Triple Rear & 20 MP Front Camera
Motorola Moto E32S (4Gb Ram + 64Gb),"₹9,399",67,"Helio G37, Octa Core, 1.8 Ghz Processor","4 Gb Ram, 64 Gb Inbuilt",5000 Mah Battery With 18W Fast Charging,"6.5 Inches, 720 X 1600 Px, 90 Hz Display With Punch Hole",16 MP + 2 MP + 2 MP Triple Rear & 8 MP Front Camera
Vivo X80 5G (12Gb Ram + 256Gb),"₹44,990",88,"Dimensity  9000, Octa Core, 3.05 Ghz Processor","12 Gb Ram, 256 Gb Inbuilt",4500 Mah Battery With 80W Fast Charging,"6.78 Inches, 1080 X 2400 Px, 120 Hz Display With Punch Hole",50 MP + 12 MP + 12 MP Triple Rear & 32 MP Front Camera
Realme Narzo 50 5G (4Gb Ram + 64Gb),"₹15,997",75,"Dimensity 810 5G, Octa Core, 2.4 Ghz Processor","4 Gb Ram, 64 Gb Inbuilt",5000 Mah Battery With 33W Fast Charging,"6.6 Inches, 1080 X 2400 Px, 90 Hz Display With Punch Hole",48 MP + 2 MP + 2 MP Triple Rear & 16 MP Front Camera
Vivo T1 44W (8Gb Ram + 128Gb),"₹17,970",82,"Snapdragon 680, Octa Core, 2.4 Ghz Processor","8 Gb Ram, 128 Gb Inbuilt",5000 Mah Battery With 44W Fast Charging,"6.44 Inches, 1080 X 2408 Px Display With Water Drop Notch",50 MP + 2 MP + 2 MP Triple Rear & 16 MP Front Camera
Oppo A96 4G,"₹15,990",80,"Snapdragon  680, Octa Core, 2.4 Ghz Processor","8 Gb Ram, 128 Gb Inbuilt",5000 Mah Battery With 33W Fast Charging,"6.59 Inches, 1080 X 2412 Px, 90 Hz Display With Punch Hole",50 MP + 2 MP Dual Rear & 16 MP Front Camera
Apple Iphone Se 3 2022 (128Gb),"₹36,999",61,"Bionic  A15, Hexa Core, 3.22 Ghz Processor",128 Gb Inbuilt,"4.7 Inches, 750 X 1334 Px Display",12 Mp Rear & 7 Mp Front Camera,Memory Card Not Supported
Realme C35 (4Gb Ram + 128Gb),"₹10,879",72,"Tiger  T616, Octa Core, 2 Ghz Processor","4 Gb Ram, 128 Gb Inbuilt",5000 Mah Battery With 18W Fast Charging,"6.6 Inches, 1080 X 2408 Px, 90 Hz Display With Water Drop Notch",50 MP + 2 MP + 2 MP Triple Rear & 8 MP Front Camera
Xiaomi Redmi Note 11S (8Gb Ram + 128Gb),"₹16,989",84,"Helio  G96, Octa Core, 2.05 Ghz Processor","8 Gb Ram, 128 Gb Inbuilt",5000 Mah Battery With 33W Fast Charging,"6.43 Inches, 1080 X 2400 Px, 90 Hz Display With Punch Hole",108 MP Quad Rear & 16 MP Front Camera
Samsung Galaxy M53 5G,"₹25,999",85,"Dimensity  900 5G, Octa Core, 2.4 Ghz Processor","6 Gb Ram, 128 Gb Inbuilt",5000 Mah Battery With 25W Fast Charging,"6.7 Inches, 1080 X 2400 Px, 120 Hz Display With Punch Hole",108 MP Quad Rear & 32 MP Front Camera
Infinix Note 11 (6Gb Ram + 128Gb),"₹14,499",77,"Helio G88, Octa Core, 2 Ghz Processor","6 Gb Ram, 128 Gb Inbuilt",5000 Mah Battery With 33W Fast Charging,"6.7 Inches, 1080 X 2400 Px Display With Water Drop Notch",50 MP + 2 MP Triple Rear & 16 MP Front Camera
Infinix Note 12,"₹11,999",74,"Helio G88, Octa Core, 2 Ghz Processor","4 Gb Ram, 64 Gb Inbuilt",5000 Mah Battery With 33W Fast Charging,"6.7 Inches, 2400 X 1080 Px Display With Punch Hole",50 MP + 2 MP Triple Rear & 16 MP Front Camera
Infinix Zero 5G,"₹19,999",82,"Dimensity 900, Octa Core, 2 Ghz Processor","8 Gb Ram, 128 Gb Inbuilt",4500 Mah Battery With 33W Fast Charging,"6.78 Inches, 1080 X 2400 Px, 120 Hz Display With Punch Hole",48 MP + 13 MP + 2 MP Triple Rear & 16 MP Front Camera
Vivo Y15S,"₹10,730",66,"Helio P35 , Octa Core, 2.3 Ghz Processor","3 Gb Ram, 32 Gb Inbuilt",5000 Mah Battery,"6.51 Inches, 720 X 1600 Px Display With Water Drop Notch",13 MP + 2 MP Dual Rear & 8 MP Front Camera
Samsung Galaxy A03,"₹9,999",67,"Unisoc  T606, Octa Core, 2 Ghz Processor","3 Gb Ram, 32 Gb Inbuilt",5000 Mah Battery With 15W Fast Charging,"6.5 Inches, 720 X 1560 Px Display With Water Drop Notch",48 MP + 2 MP Dual Rear & 5 MP Front Camera
Poco M4 Pro 5G (6Gb Ram + 128Gb),"₹16,890",81,"Dimensity  810 5G, Octa Core, 2.4 Ghz Processor","6 Gb Ram, 128 Gb Inbuilt",5000 Mah Battery With 33W Fast Charging,"6.6 Inches, 1080 X 2400 Px, 90 Hz Display With Punch Hole",50 MP + 8 MP Dual Rear & 16 MP Front Camera
Realme Gt Neo2 5G (12Gb Ram + 256Gb),"₹35,999",83,"Snapdragon 870, Octa Core, 3.2 Ghz Processor","12 Gb Ram, 256 Gb Inbuilt",5000 Mah Battery With 65W Fast Charging,"6.62 Inches, 2400 X 1080 Px, 120 Hz Display With Punch Hole",64 MP + 8 MP + 2 MP Triple Rear & 16 MP Front Camera
Motorola Moto E40,"₹8,379",71,"Tiger T700, Octa Core, 1.8 Ghz Processor","4 Gb Ram, 64 Gb Inbuilt",5000 Mah Battery,"6.5 Inches, 720 X 1600 Px, 90 Hz Display With Punch Hole",48 MP + 2 MP + 2 MP Triple Rear & 8 MP Front Camera
Oppo A55 4G,"₹13,900",73,"Helio G35, Octa Core, 2.3 Ghz Processor","4 Gb Ram, 64 Gb Inbuilt",5000 Mah Battery With 18W Fast Charging,"6.51 Inches, 720 X 1600 Px Display With Punch Hole",50 MP + 2 MP + 2 MP Triple Rear & 16 MP Front Camera
Xiaomi Redmi 10 (6Gb Ram + 128Gb),"₹11,799",75,"Snapdragon 680, Octa Core, 2.4 Ghz Processor","6 Gb Ram, 128 Gb Inbuilt",6000 Mah Battery With 18W Fast Charging,"6.7 Inches, 720 X 1600 Px Display With Water Drop Notch",50 MP + 2 MP Dual Rear & 5 MP Front Camera
Xiaomi Redmi 10 Prime,"₹11,752",74,"Helio G88, Octa Core, 2 Ghz Processor","4 Gb Ram, 64 Gb Inbuilt",6000 Mah Battery With 18W Fast Charging,"6.5 Inches, 1080 X 2400 Px, 90 Hz Display With Punch Hole",50 MP Quad Rear & 8 MP Front Camera
Samsung Galaxy Z Flip 3 5G (8Gb Ram + 256Gb),"₹59,990",85,"Snapdragon 888, Octa Core, 2.84 Ghz Processor","8 Gb Ram, 256 Gb Inbuilt",3300 Mah Battery With 15W Fast Charging,"6.7 Inches, 1080 X 2640 Px, 120 Hz Display With Punch Hole","Foldable Display, Dual Display"
Micromax In Note 2,"₹9,990",74,"Helio G95, Octa Core, 2.05 Ghz Processor","4 Gb Ram, 64 Gb Inbuilt",5000 Mah Battery With 30W Fast Charging,"6.43 Inches, 1080 X 2400 Px Display With Punch Hole",48 MP Quad Rear & 16 MP Front Camera
Xiaomi Redmi Note 10T 5G,"₹13,999",75,"Dimensity 700 , Octa Core, 2.2 Ghz Processor","4 Gb Ram, 64 Gb Inbuilt",5000 Mah Battery With 18W Fast Charging,"6.5 Inches, 1080 X 2400 Px, 90 Hz Display With Punch Hole",48 MP + 2 MP + 2 MP Triple Rear & 8 MP Front Camera
Tecno Phantom X,"₹21,999",84,"Helio G95, Octa Core, 2.05 Ghz Processor","8 Gb Ram, 256 Gb Inbuilt",4700 Mah Battery With 33W Fast Charging,"6.7 Inches, 1080 X 2340 Px, 90 Hz Display With Punch Hole",50 MP + 13 MP + 8 MP Triple Rear & 48 MP + 8 MP Dual Front Camera
Samsung Galaxy M32 (6Gb Ram + 128Gb),"₹16,999",80,"Helio G80, Octa Core, 2 Ghz Processor","6 Gb Ram, 128 Gb Inbuilt",6000 Mah Battery With 15W Fast Charging,"6.4 Inches, 1080 X 2400 Px, 90 Hz Display With Water Drop Notch",64 MP Quad Rear & 20 MP Front Camera
Xiaomi Mi 11 Lite (8Gb Ram + 128Gb),"₹15,999",82,"Snapdragon 732G , Octa Core, 2.3 Ghz Processor","8 Gb Ram, 128 Gb Inbuilt",4250 Mah Battery With 33W Fast Charging,"6.55 Inches, 1080 X 2400 Px, 90 Hz Display With Punch Hole",64 MP + 8 MP + 5 MP Triple Rear & 16 MP Front Camera
Samsung Galaxy F42 5G,"₹15,999",80,"Dimensity 700 5G, Octa Core, 2.2 Ghz Processor","6 Gb Ram, 128 Gb Inbuilt",5000 Mah Battery With 15W Fast Charging,"6.6 Inches, 1080 X 2408 Px, 90 Hz Display With Water Drop Notch",64 MP + 5 MP + 2 MP Triple Rear & 8 MP Front Camera
Realme 8 5G (4Gb Ram + 64Gb),"₹15,499",75,"Dimensity 700 5G, Octa Core, 2.2 Ghz Processor","4 Gb Ram, 64 Gb Inbuilt",5000 Mah Battery With 18W Fast Charging,"6.5 Inches, 1080 X 2400 Px, 90 Hz Display With Punch Hole",48 MP + 2 MP + 2 MP Triple Rear & 16 MP Front Camera
Poco F3 Gt,"₹24,990",79,"Dimensity 1200, Octa Core, 3 Ghz Processor","6 Gb Ram, 128 Gb Inbuilt",5065 Mah Battery With 67W Fast Charging,"6.67 Inches, 1080 X 2400 Px, 120 Hz Display With Punch Hole",64 MP + 8 MP + 2 MP Triple Rear & 16 MP Front Camera
Realme X7 Max,"₹26,999",84,"Dimensity 1200, Octa Core, 3 Ghz Processor","8 Gb Ram, 128 Gb Inbuilt",4500 Mah Battery With 50W Fast Charging,"6.43 Inches, 1080 X 2400 Px, 120 Hz Display With Punch Hole",64 MP + 8 MP + 2 MP Triple Rear & 16 MP Front Camera
Poco X3 Pro (8Gb Ram + 128Gb),"₹20,990",85,"Snapdragon 860, Octa Core, 2.96 Ghz Processor","8 Gb Ram, 128 Gb Inbuilt",5160 Mah Battery With 33W Fast Charging,"6.67 Inches, 1080 X 2400 Px, 120 Hz Display With Punch Hole",48 MP Quad Rear & 20 MP Front Camera
Oneplus 9 Pro (12Gb Ram + 256Gb),"₹47,990",89,"Snapdragon 888, Octa Core, 2.84 Ghz Processor","12 Gb Ram, 256 Gb Inbuilt",4500 Mah Battery With 65W Fast Charging,"6.7 Inches, 1440 X 3216 Px, 120 Hz Display With Punch Hole",48 MP Quad Rear & 16 MP Front Camera
Samsung Galaxy M12,"₹10,999",72,"Exynos  850, Octa Core, 2 Ghz Processor","4 Gb Ram, 64 Gb Inbuilt",6000 Mah Battery With 15W Fast Charging,"6.5 Inches, 720 X 1600 Px, 90 Hz Display With Water Drop Notch",48 MP Quad Rear & 8 MP Front Camera
Micromax In Note 1 (4Gb Ram + 128Gb),"₹7,490",75,"Helio G85, Octa Core, 2 Ghz Processor","4 Gb Ram, 128 Gb Inbuilt",5000 Mah Battery With 18W Fast Charging,"6.67 Inches, 1080 X 2400 Px Display With Punch Hole",48 MP Quad Rear & 16 MP Front Camera
Xiaomi Mi 10T 5G (8Gb Ram + 128Gb),"₹22,499",83,"Snapdragon 865, Octa Core, 2.84 Ghz Processor","8 Gb Ram, 128 Gb Inbuilt",5000 Mah Battery With 33W Fast Charging,"6.67 Inches, 2400 X 1080 Px, 144 Hz Display With Punch Hole",64 MP + 13 MP + 5 MP Triple Rear & 20 MP Front Camera
Xiaomi Redmi Note 9 Pro (4Gb Ram + 128Gb),"₹15,999",77,"Snapdragon 720G, Octa Core, 2.3 Ghz Processor","4 Gb Ram, 128 Gb Inbuilt",5020 Mah Battery With 18W Fast Charging,"6.67 Inches, 1080 X 2400 Px Display With Punch Hole",48 MP Quad Rear & 16 MP Front Camera
Samsung Galaxy M01 Core (2Gb Ram + 32Gb),"₹6,490",79,"Helio Mt6739, Quad Core, 1.5 Ghz Processor","2 Gb Ram, 32 Gb Inbuilt",3000 Mah Battery,"5.3 Inches, 720 X 1480 Px Display",8 MP Rear & 5 MP Front Camera
Realme 6 (6Gb Ram + 64Gb),"₹14,999",77,"Helio   G90T , Octa Core, 2.05 Ghz Processor","6 Gb Ram, 64 Gb Inbuilt",4300 Mah Battery With 30W Fast Charging,"6.5 Inches, 1080 X 2400 Px, 90 Hz Display With Punch Hole",64 MP Quad Rear & 16 MP Front Camera
Motorola Moto G 5G,"₹20,999",82,"Snapdragon  750G , Octa Core, 2.2 Ghz Processor","6 Gb Ram, 128 Gb Inbuilt",5000 Mah Battery With 20W Fast Charging,"6.67 Inches, 1080 X 2400 Px Display With Punch Hole",48 MP + 8 MP + 2 MP Triple Rear & 16 MP Front Camera
Realme X3 Superzoom Edition (12Gb Ram + 256Gb),"₹20,790",83,"Snapdragon 855+, Octa Core, 2.96 Ghz Processor","12 Gb Ram, 256 Gb Inbuilt",4200 Mah Battery With 30W Fast Charging,"6.57 Inches, 1080 X 2400 Px, 120 Hz Display With Dual Punch Hole",64 MP Quad Rear & 32 MP + 8 MP Dual Front Camera
Samsung Galaxy M31S,"₹18,999",82,"Exynos 9611, Octa Core, 2.3 Ghz Processor","6 Gb Ram, 128 Gb Inbuilt",6000 Mah Battery With 25W Fast Charging,"6.5 Inches, 1080 X 2400 Px Display With Punch Hole",64 MP Quad Rear & 32 MP Front Camera
Xiaomi Redmi Note 10,"₹13,999",75,"Snapdragon 678, Octa Core, 2.2 Ghz Processor","4 Gb Ram, 64 Gb Inbuilt",5000 Mah Battery With 33W Fast Charging,"6.43 Inches, 1080 X 2400 Px Display With Punch Hole",48 MP Quad Rear & 13 MP Front Camera
Vivo V19 (8Gb Ram + 256Gb),"₹17,999",84,"Snapdragon  712 , Octa Core, 2.3 Ghz Processor","8 Gb Ram, 256 Gb Inbuilt",4500 Mah Battery With 33W Fast Charging,"6.44 Inches, 1080 X 2400 Px Display With Dual Punch Hole",48 MP Quad Rear & 32 MP + 8 MP Dual Front Camera
Nokia 5310 Dual Sim,"₹3,499",79,"8 Mb Ram, 16 Mb Inbuilt",1200 Mah Battery,"2.4 Inches, 240 X 320 Px Display",0.3 Mp Rear Camera,"Memory Card Supported, upto 32 GB"
Xiaomi Redmi Note 9 Pro Max,"₹18,999",80,"Snapdragon 720G, Octa Core, 2.3 Ghz Processor","6 Gb Ram, 64 Gb Inbuilt",5020 Mah Battery With 33W Fast Charging,"6.67 Inches, 1080 X 2400 Px Display With Punch Hole",64 MP Quad Rear & 32 MP Front Camera
Oppo Reno 3 Pro (8Gb Ram + 256Gb),"₹30,000",87,"Helio P95, Octa Core, 2.2 Ghz Processor","8 Gb Ram, 256 Gb Inbuilt",4025 Mah Battery With 30W Fast Charging,"6.4 Inches, 1080 X 2400 Px Display With Dual Punch Hole",64 MP Quad Rear & 44 MP + 2 MP Dual Front Camera
Samsung Galaxy M31 (6Gb Ram +128Gb),"₹18,999",82,"Exynos 9611, Octa Core, 2.3 Ghz Processor","6 Gb Ram, 128 Gb Inbuilt",6000 Mah Battery With 15W Fast Charging,"6.4 Inches, 1080 X 2340 Px Display With Water Drop Notch",64 MP Quad Rear & 32 MP Front Camera
Samsung Galaxy Note 20,"₹86,000",86,"Exynos  990, Octa Core, 2.73 Ghz Processor","8 Gb Ram, 256 Gb Inbuilt",4300 Mah Battery With 25W Fast Charging,"6.7 Inches, 1080 X 2400 Px Display With Punch Hole",64 MP + 12 MP + 12 MP Triple Rear & 10 MP Front Camera
Xiaomi Redmi 9,"₹8,099",68,"Helio G35, Octa Core, 2.3 Ghz Processor","4 Gb Ram, 64 Gb Inbuilt",5000 Mah Battery,"6.53 Inches, 720 X 1600 Px Display With Water Drop Notch",13 MP + 2 MP Dual Rear & 5 MP Front Camera
Xiaomi Redmi 8 (4Gb Ram + 64Gb),"₹10,780",66,"Snapdragon 439, Octa Core, 2 Ghz Processor","4 Gb Ram, 64 Gb Inbuilt",5000 Mah Battery With 18W Fast Charging,"6.22 Inches, 720 X 1520 Px Display With Water Drop Notch",12 MP + 2 MP Dual Rear & 8 MP Front Camera
Motorola Moto G8 Plus,"₹9,990",77,"Snapdragon 665, Octa Core, 2 Ghz Processor","4 Gb Ram, 64 Gb Inbuilt",4000 Mah Battery With 15W Fast Charging,"6.3 Inches, 1080 X 2280 Px Display With Water Drop Notch",48 MP + 16 MP + 5 MP Triple Rear & 25 MP Front Camera
Nokia 105 (2019),"₹1,376",79,No Wifi,"4 Mb Ram, 4 Mb Inbuilt",800 Mah Battery,"1.77 Inches, 120 X 160 Px Display",No Rear Camera
Vivo Y12 (3Gb Ram + 64Gb),"₹11,000",68,"Helio  P22, Octa Core, 2 Ghz Processor","3 Gb Ram, 64 Gb Inbuilt",5000 Mah Battery,"6.35 Inches, 720 X 1544 Px Display With Water Drop Notch",13 MP + 8 MP + 2 MP Triple Rear & 8 MP Front Camera
Vivo Y91,"₹10,000",79,"Helio P22, Octa Core, 2 Ghz Processor","2 Gb Ram, 32 Gb Inbuilt",4030 Mah Battery,"6.22 Inches, 720 X 1520 Px Display With Water Drop Notch",13 MP + 2 MP Dual Rear & 8 MP Front Camera
Xiaomi Redmi Y2,"₹8,074",62,"Snapdragon 625, Octa Core, 2 Ghz Processor","3 Gb Ram, 32 Gb Inbuilt",3080 Mah Battery,"5.99 Inches, 720 X 1440 Px Display",12 MP + 5 MP Dual Rear & 16 MP Front Camera
Xiaomi Redmi Note 5 Pro,"₹11,999",68,"Snapdragon 636, Octa Core, 1.8 Ghz Processor","4 Gb Ram, 64 Gb Inbuilt",4000 Mah Battery With Fast Charging,"5.99 Inches, 1080 X 2160 Px Display",12 MP + 5 MP Dual Rear & 20 MP Front Camera
Motorola Moto E4 Plus,"₹5,499",79,"Helio Mt6737, Quad Core, 1.3 Ghz Processor","3 Gb Ram, 32 Gb Inbuilt",5000 Mah Battery,"5.5 Inches, 720 X 1280 Px Display",13 MP Rear & 5 MP Front Camera
Apple Iphone 6 Plus (64Gb),"₹48,999",79,"Apple, Dual Core, 1.4 Ghz Processor","1 Gb Ram, 64 Gb Inbuilt",2915 Mah Battery,"5.5 Inches, 1080 X 1920 Px Display",8 MP Rear & 1.2 MP Front Camera
Nokia C32 (6Gb Ram + 128 Gb),"₹10,498",72,"Unisoc Sc9863A, Octa Core, 1.6 Ghz Processor","6 Gb Ram, 128 Gb Inbuilt",5000 Mah Battery,"6.52 Inches, 720 X 1600 Px Display With Water Drop Notch",50 MP + 2 MP Dual Rear & 8 MP Front Camera
Apple Iphone 15 Pro (1Tb),"₹1,84,900",89,"Bionic  A17 Pro, Hexa Core, 3.78 Ghz Processor","8 Gb Ram, 1 Tb Inbuilt",3274 Mah Battery With Fast Charging,"6.1 Inches, 1179 X 2556 Px, 120 Hz Display With Dynamic Island",48 MP + 12 MP + 12 MP Triple Rear & 12 MP Front Camera
Apple Iphone 15 (512Gb),"₹1,09,900",85,"Bionic  A16, Hexa Core, 3.46 Ghz Processor","6 Gb Ram, 512 Gb Inbuilt",3349 Mah Battery With Fast Charging,"6.1 Inches, 1179 X 2556 Px Display With Dynamic Island",48 MP + 12 MP Dual Rear & 12 MP Front Camera
Lava A7 Torch,"₹1,488",79,"32 Mb Ram, 32 Mb Inbuilt",2575 Mah Battery,"2.4 Inches, 320 X 240 Px Display",0.3 Mp Rear Camera,"Memory Card Supported, upto 32 GB"
Lava Yuva 2,"₹6,999",62,"Unisoc T606, Octa Core, 2 Ghz Processor","3 Gb Ram, 64 Gb Inbuilt",5000 Mah Battery With 10W Fast Charging,"6.5 Inches, 1600 X 720 Px, 90 Hz Display With Water Drop Notch",13 MP Dual Rear & 5 MP Front Camera
Samsung Galaxy Z Flip 5 (8Gb Ram + 512Gb),"₹1,09,999",88,"Snapdragon 8 Gen 2, Octa Core, 3.2 Ghz Processor","8 Gb Ram, 512 Gb Inbuilt",3700 Mah Battery With 25W Fast Charging,"6.7 Inches, 1080 X 2640 Px, 120 Hz Display With Punch Hole","Foldable Display, Dual Display"
Itel S23 (4Gb Ram +128 Gb),"₹7,699",70,"Octa Core, 1.6 Ghz Processor","4 Gb Ram, 128 Gb Inbuilt",5000 Mah Battery With 10W Fast Charging,"6.6 Inches, 1600 X 720 Px, 90 Hz Display With Water Drop Notch",50 MP + 0.08 MP Dual Rear & 8 MP Front Camera
Ikall S1 Pro,"₹9,499",66,"Unisoc, Quad Core, 1.6 Ghz Processor","6 Gb Ram, 128 Gb Inbuilt",6000 Mah Battery,"6.8 Inches, 720 X 1600 Px Display With Water Drop Notch",13 MP + 5 MP + 2 MP Triple Rear & 8 MP Front Camera
Itel Super Guru 200,"₹1,399",79,"Sc6531E, 208 Mhz Processor",32 Mb Inbuilt,1200 Mah Battery,1.8 Inches Display,1.3 MP Rear Camera
Ikall S1,"₹9,489",66,"Unisoc, Quad Core, 1.6 Ghz Processor","6 Gb Ram, 128 Gb Inbuilt",6000 Mah Battery,"6.8 Inches, 720 X 1600 Px Display With Punch Hole",13 MP + 5 MP + 2 MP Triple Rear & 8 MP Front Camera
Samsung Galaxy A14 4G (4Gb Ram + 128 Gb),"₹13,999",75,"Exynos  850, Octa Core, 2 Ghz Processor","4 Gb Ram, 128 Gb Inbuilt",5000 Mah Battery With 15W Fast Charging,"6.6 Inches, 1080 X 2408 Px Display With Water Drop Notch",50 MP + 5 MP + 2 MP Triple Rear & 13 MP Front Camera
Nokia C22 (4Gb Ram + 64Gb),"₹7,599",64,"Unisoc Sc9863A, Octa Core, 1.6 Ghz Processor","4 Gb Ram, 64 Gb Inbuilt",5000 Mah Battery,"6.52 Inches, 720 X 1600 Px Display",13 MP + 2 MP Dual Rear & 8 MP Front Camera
Ikall Z19 Pro Ultra,"₹8,349",65,"Hexa Core, 1.6 Ghz Processor","6 Gb Ram, 128 Gb Inbuilt",5000 Mah Battery,"6.5 Inches, 720 X 1600 Px Display With Water Drop Notch",13 MP + 2 MP Dual Rear & 8 MP Front Camera
Tecno Spark Go 2023 (3Gb Ram + 64Gb),"₹6,998",64,"Helio A22, Quad Core, 2 Ghz Processor","3 Gb Ram, 64 Gb Inbuilt",5000 Mah Battery With 10W Fast Charging,"6.56 Inches, 720 X 1600 Px Display With Water Drop Notch",13 MP Dual Rear & 5 MP Front Camera
Itel P40 (2Gb Ram + 64Gb),"₹5,999",79,"Spreadtrum  Sc9863A, Octa Core, 1.6 Ghz Processor","2 Gb Ram, 64 Gb Inbuilt",6000 Mah Battery With 18W Fast Charging,"6.6 Inches, 720 X 1612 Px Display With Water Drop Notch",13 MP Dual Rear & 5 MP Front Camera
Realme C33 2023 (4Gb Ram + 128Gb),"₹10,499",71,"Unisoc T612, Octa Core, 1.8 Ghz Processor","4 Gb Ram, 128 Gb Inbuilt",5000 Mah Battery With 10W Fast Charging,"6.5 Inches, 720 X 1600 Px Display With Water Drop Notch",50 MP + 0.3 MP Dual Rear & 5 MP Front Camera
Tecno Spark 10 5G,"₹12,158",74,"Dimensity 6020, Octa Core, 2.2 Ghz Processor","4 Gb Ram, 64 Gb Inbuilt",5000 Mah Battery With 18W Fast Charging,"6.56 Inches, 720 X 1612 Px, 90 Hz Display With Water Drop Notch",50 MP Dual Rear & 8 MP Front Camera
Samsung Galaxy S23 Plus (8Gb Ram + 512Gb),"₹1,04,999",89,"Snapdragon 8 Gen 2, Octa Core, 3.36 Ghz Processor","8 Gb Ram, 512 Gb Inbuilt",4700 Mah Battery With 45W Fast Charging,"6.6 Inches, 1080 X 2340 Px, 120 Hz Display With Punch Hole",50 MP + 12 MP + 10 MP Triple Rear & 12 MP Front Camera
Samsung Galaxy A04E (3Gb Ram + 64Gb),"₹8,990",66,"Helio P35, Octa Core, 2.3 Ghz Processor","3 Gb Ram, 64 Gb Inbuilt",5000 Mah Battery,"6.5 Inches, 720 X 1600 Px Display With Water Drop Notch",13 MP + 2 MP Dual Rear & 5 MP Front Camera
Samsung Galaxy A04E (4Gb Ram + 128Gb),"₹11,399",69,"Helio P35, Octa Core, 2.3 Ghz Processor","4 Gb Ram, 128 Gb Inbuilt",5000 Mah Battery,"6.5 Inches, 720 X 1600 Px Display With Water Drop Notch",13 MP + 2 MP Dual Rear & 5 MP Front Camera
Motorola Moto E22S,"₹7,988",70,"Helio G37, Octa Core, 2.3 Ghz Processor","4 Gb Ram, 64 Gb Inbuilt",5000 Mah Battery With 10W Fast Charging,"6.5 Inches, 720 X 1600 Px, 90 Hz Display With Punch Hole",16 MP + 2 MP Dual Rear & 8 MP Front Camera
Xiaomi Redmi A1 Plus (3Gb Ram + 32Gb),"₹4,223",61,"Helio A22, Quad Core, 2 Ghz Processor","3 Gb Ram, 32 Gb Inbuilt",5000 Mah Battery With 10W Fast Charging,"6.52 Inches, 720 X 1600 Px Display With Water Drop Notch",8 MP + 0.3 MP Dual Rear & 5 MP Front Camera
Xiaomi Redmi 10A (6Gb Ram + 128Gb),"₹11,999",70,"Helio  G25, Octa Core, 2 Ghz Processor","6 Gb Ram, 128 Gb Inbuilt",5000 Mah Battery,"6.53 Inches, 720 X 1600 Px Display With Water Drop Notch",13 MP Rear & 5 MP Front Camera
Realme Gt Neo 3T (8Gb Ram + 256Gb),"₹33,999",82,"Snapdragon 870, Octa Core, 3.2 Ghz Processor","8 Gb Ram, 256 Gb Inbuilt",5000 Mah Battery With 80W Fast Charging,"6.62 Inches, 1080 X 2400 Px, 120 Hz Display With Punch Hole",64 MP + 8 MP + 2 MP Triple Rear & 16 MP Front Camera
Apple Iphone 14 Pro (512Gb),"₹1,37,990",86,"Bionic  A16, Hexa Core, 3.46 Ghz Processor","6 Gb Ram, 512 Gb Inbuilt",3200 Mah Battery With Fast Charging,"6.1 Inches, 1179 X 2556 Px, 120 Hz Display",48 MP + 12 MP + 12 MP Triple Rear & 12 MP Front Camera
Xiaomi Redmi Note 11Se,"₹13,470",80,"Helio G95, Octa Core, 2.05 Ghz Processor","6 Gb Ram, 64 Gb Inbuilt",5000 Mah Battery With 33W Fast Charging,"6.43 Inches, 1080 X 2400 Px Display With Punch Hole",64 MP Quad Rear & 13 MP Front Camera
Itel Magicx Play 4G,"₹1,709",79,No 3G,"48 Mb Ram, 128 Mb Inbuilt",1900 Mah Battery,"1.8 Inches, 128 X 160 Px Display",0.3 MP Rear Camera
Itel Magic X,"₹1,804",79,No 3G,T117,"48 Mb Ram, 128 Mb Inbuilt",1200 Mah Battery,"2.4 inches, 240 x 320 px Display"
Oneplus 10T (12Gb Ram + 256Gb),"₹44,950",87,"Snapdragon 8+ Gen1, Octa Core, 3.2 Ghz Processor","12 Gb Ram, 256 Gb Inbuilt",4800 Mah Battery With 150W Fast Charging,"6.7 Inches, 1080 X 2412 Px, 120 Hz Display With Punch Hole",50 MP + 8 MP + 2 MP Triple Rear & 16 MP Front Camera
Nokia 5710 Xpressaudio,"₹4,799",79,No Wifi,Unisoc T107,"48 Mb Ram, 128 Mb Inbuilt",1450 Mah Battery,"2.4 inches, 240 x 320 px Display"
Infinix Note 12 5G,"₹15,999",78,"Dimensity 810 5G, Octa Core, 2.4 Ghz Processor","6 Gb Ram, 64 Gb Inbuilt",5000 Mah Battery With 33W Fast Charging,"6.7 Inches, 1080 X 2400 Px Display With Water Drop Notch",50 MP + 2 MP Triple Rear & 16 MP Front Camera
Poco F4 5G (8Gb Ram + 128Gb),"₹29,999",85,"Snapdragon  870, Octa Core, 3.2 Ghz Processor","8 Gb Ram, 128 Gb Inbuilt",4500 Mah Battery With 67W Fast Charging,"6.67 Inches, 1080 X 2400 Px, 120 Hz Display With Punch Hole",64 MP + 8 MP + 2 MP Triple Rear & 20 MP Front Camera
Realme Narzo 50I Prime,"₹7,199",61,"Tiger T612, Octa Core, 1.82 Ghz Processor","3 Gb Ram, 32 Gb Inbuilt",5000 Mah Battery With 10W Fast Charging,"6.5 Inches, 720 X 1600 Px Display With Water Drop Notch",8 MP Rear & 5 MP Front Camera
Motorola Moto E32S,"₹8,999",65,"Helio G37, Octa Core, 1.8 Ghz Processor","3 Gb Ram, 32 Gb Inbuilt",5000 Mah Battery With 18W Fast Charging,"6.5 Inches, 720 X 1600 Px, 90 Hz Display With Punch Hole",16 MP + 2 MP + 2 MP Triple Rear & 8 MP Front Camera
Infinix Note 12 Turbo,"₹12,999",79,"Helio G96, Octa Core, 2 Ghz Processor","8 Gb Ram, 128 Gb Inbuilt",5000 Mah Battery With 33W Fast Charging,"6.7 Inches, 2400 X 1080 Px Display With Punch Hole",50 MP + 2 MP Triple Rear & 16 MP Front Camera
Nokia 105 Dual Sim 2022,"₹1,539",79,"4 Mb Ram, 4 Mb Inbuilt",800 Mah Battery,"1.77 Inches, 128 X 160 Px Display",No Rear Camera,0.3 MP Rear Camera
Iqoo Z6 Pro 5G (12Gb Ram + 256Gb),"₹27,499",82,"Snapdragon  778G, Octa Core, 2.4 Ghz Processor","12 Gb Ram, 256 Gb Inbuilt",4700 Mah Battery With 66W Fast Charging,"6.44 Inches, 1080 X 2404 Px, 90 Hz Display With Water Drop Notch",64 MP + 8 MP + 2 MP Triple Rear & 16 MP Front Camera
Vivo T1X 4G,"₹11,999",74,"Snapdragon 680, Octa Core, 2.4 Ghz Processor","4 Gb Ram, 64 Gb Inbuilt",5000 Mah Battery With 18W Fast Charging,"6.58 Inches, 1080 X 2408 Px, 90 Hz Display With Water Drop Notch",50 MP + 2 MP Dual Rear & 8 MP Front Camera
Motorola Moto G52 (6Gb Ram + 128Gb),"₹14,500",79,"Snapdragon 680, Octa Core, 2.4 Ghz Processor","6 Gb Ram, 128 Gb Inbuilt",5000 Mah Battery With 33W Fast Charging,"6.6 Inches, 2460 X 1080 Px, 90 Hz Display With Punch Hole",50 MP + 8 MP + 2 MP Triple Rear & 16 MP Front Camera
Realme 9 4G (8Gb Ram + 128Gb),"₹17,999",84,"Snapdragon 680, Octa Core, 2.4 Ghz Processor","8 Gb Ram, 128 Gb Inbuilt",5000 Mah Battery With 33W Fast Charging,"6.4 Inches, 1080 X 2400 Px, 90 Hz Display With Punch Hole",108 MP + 8 MP + 2 MP Triple Rear & 16 MP Front Camera
Tecno Spark 8C (4Gb Ram + 64Gb),"₹8,499",63,"Unisoc  T606, Octa Core, 2 Ghz Processor","4 Gb Ram, 64 Gb Inbuilt",5000 Mah Battery,"6.6 Inches, 720 X 1612 Px, 90 Hz Display With Water Drop Notch",13 MP Dual Rear & 8 MP Front Camera
Realme C31 (4Gb Ram + 64Gb),"₹9,999",65,"Tiger T612, Octa Core, 1.82 Ghz Processor","4 Gb Ram, 64 Gb Inbuilt",5000 Mah Battery,"6.52 Inches, 720 X 1600 Px Display With Water Drop Notch",13 MP + 2 MP + 2 MP Triple Rear & 5 MP Front Camera
Iqoo Z6 5G (6Gb Ram + 128Gb),"₹15,999",80,"Snapdragon  695 , Octa Core, 2.2 Ghz Processor","6 Gb Ram, 128 Gb Inbuilt",5000 Mah Battery With 18W Fast Charging,"6.58 Inches, 1080 X 2408 Px, 120 Hz Display With Water Drop Notch",50 MP + 2 MP + 2 MP Triple Rear & 16 MP Front Camera
Xiaomi Redmi Note 11 Pro 4G (8Gb Ram + 128Gb),"₹17,899",83,"Helio  G96, Octa Core, 2.05 Ghz Processor","8 Gb Ram, 128 Gb Inbuilt",5000 Mah Battery With 67W Fast Charging,"6.67 Inches, 1080 X 2400 Px, 120 Hz Display With Punch Hole",108 MP Quad Rear & 16 MP Front Camera
Apple Iphone Se 3 2022 (256Gb),"₹58,900",61,"Bionic  A15, Hexa Core, 3.22 Ghz Processor",256 Gb Inbuilt,"4.7 Inches, 750 X 1334 Px Display",12 Mp Rear & 7 Mp Front Camera,Memory Card Not Supported
Realme 9I (4Gb Ram + 128Gb),"₹13,999",75,"Snapdragon  680, Octa Core, 2.4 Ghz Processor","4 Gb Ram, 128 Gb Inbuilt",5000 Mah Battery With 33W Fast Charging,"6.6 Inches, 1080 X 2412 Px, 90 Hz Display With Punch Hole",50 MP + 2 MP + 2 MP Triple Rear & 16 MP Front Camera
Poco M4 Pro 4G (8Gb Ram + 128Gb),"₹13,999",81,"Helio G96, Octa Core, 2.05 Ghz Processor","8 Gb Ram, 128 Gb Inbuilt",5000 Mah Battery With 33W Fast Charging,"6.43 Inches, 1080 X 2400 Px, 90 Hz Display With Punch Hole",64 MP + 8 MP + 2 MP Triple Rear & 16 MP Front Camera
Realme Narzo 50,"₹12,999",74,"Helio G96, Octa Core, 2 Ghz Processor","4 Gb Ram, 64 Gb Inbuilt",5000 Mah Battery With 33W Fast Charging,"6.6 Inches, 1080 X 2412 Px, 120 Hz Display With Punch Hole",50 MP + 2 MP + 2 MP Triple Rear & 16 MP Front Camera
Poco M4 Pro 5G (8Gb Ram + 128Gb),"₹18,999",82,"Dimensity  810 5G, Octa Core, 2.4 Ghz Processor","8 Gb Ram, 128 Gb Inbuilt",5000 Mah Battery With 33W Fast Charging,"6.6 Inches, 1080 X 2400 Px, 90 Hz Display With Punch Hole",50 MP + 8 MP Dual Rear & 16 MP Front Camera
Realme 9 Pro Plus 5G (8Gb Ram + 128Gb),"₹19,999",81,"Dimensity  920 5G, Octa Core, 2.5 Ghz Processor","8 Gb Ram, 128 Gb Inbuilt",4500 Mah Battery With 60W Fast Charging,"6.4 Inches, 1080 X 2400 Px, 90 Hz Display With Punch Hole",50 MP + 8 MP + 2 MP Triple Rear & 16 MP Front Camera
Oppo A76,"₹15,770",73,"Snapdragon  680 , Octa Core, 2.4 Ghz Processor","6 Gb Ram, 128 Gb Inbuilt",5000 Mah Battery With 33W Fast Charging,"6.56 Inches, 720 X 1612 Px, 90 Hz Display With Punch Hole",13 MP + 2 MP Dual Rear & 8 MP Front Camera
Tecno Spark 9T,"₹7,498",72,"Helio G35, Octa Core, 2.3 Ghz Processor","4 Gb Ram, 64 Gb Inbuilt",5000 Mah Battery With 18W Fast Charging,"6.6 Inches, 1080 X 2408 Px Display With Water Drop Notch",50 MP + 2 MP Triple Rear & 8 MP Front Camera
Xiaomi 11I 5G (8Gb Ram + 128Gb),"₹22,990",83,"Dimensity  920 5G, Octa Core, 2.5 Ghz Processor","8 Gb Ram, 128 Gb Inbuilt",5160 Mah Battery With 67W Fast Charging,"6.67 Inches, 2400 X 1080 Px, 120 Hz Display With Punch Hole",108 MP + 8 MP + 2 MP Triple Rear & 16 MP Front Camera
Motorola Edge 30 Pro 5G,"₹32,999",89,"Snapdragon 8 Gen1, Octa Core, 3 Ghz Processor","8 Gb Ram, 128 Gb Inbuilt",4800 Mah Battery With 68W Fast Charging,"6.7 Inches, 1080 X 2400 Px, 144 Hz Display With Punch Hole",50 MP + 50 MP + 2 MP Triple Rear & 60 MP Front Camera
Infinix Note 12 Pro,"₹16,999",83,"Helio  G99, Octa Core, 2.2 Ghz Processor","8 Gb Ram, 256 Gb Inbuilt",5000 Mah Battery With 33W Fast Charging,"6.7 Inches, 1080 X 2400 Px Display With Water Drop Notch",108 MP + 2 MP Triple Rear & 16 MP Front Camera
Motorola Moto A10,"₹1,999",79,"4 Mb Ram, 4 Mb Inbuilt",1750 Mah Battery,"1.8 Inches, 160 X 128 Px Display",No Rear Camera,"Memory Card Supported, upto 32 GB"
Vivo Y21E,"₹10,300",69,"Snapdragon  680, Octa Core, 2.4 Ghz Processor","3 Gb Ram, 64 Gb Inbuilt",5000 Mah Battery With 18W Fast Charging,"6.51 Inches, 720 X 1600 Px Display With Water Drop Notch",13 MP + 2 MP Dual Rear & 8 MP Front Camera
Xiaomi 11I Hypercharge 5G,"₹21,990",83,"Dimensity  920 5G, Octa Core, 2.5 Ghz Processor","6 Gb Ram, 128 Gb Inbuilt",4500 Mah Battery With 120W Fast Charging,"6.67 Inches, 2400 X 1080 Px, 120 Hz Display With Punch Hole",108 MP + 8 MP + 2 MP Triple Rear & 16 MP Front Camera
Realme Narzo 50I,"₹6,299",79,"Unisoc  Sc9863A, Octa Core, 1.6 Ghz Processor","2 Gb Ram, 32 Gb Inbuilt",5000 Mah Battery,"6.5 Inches, 720 X 1600 Px Display With Water Drop Notch",8 MP Rear & 5 MP Front Camera
Vivo Y12G (3Gb Ram + 64Gb),"₹11,990",68,"Snapdragon  439 , Octa Core, 2 Ghz Processor","3 Gb Ram, 64 Gb Inbuilt",5000 Mah Battery,"6.51 Inches, 720 X 1600 Px Display With Water Drop Notch",13 MP + 2 MP + 2 MP Triple Rear & 8 MP Front Camera
Xiaomi Redmi Note 10 Lite,"₹12,990",76,"Snapdragon 720G, Octa Core, 2.3 Ghz Processor","4 Gb Ram, 64 Gb Inbuilt",5020 Mah Battery With 18W Fast Charging,"6.67 Inches, 1080 X 2400 Px Display With Punch Hole",48 MP Quad Rear & 16 MP Front Camera
Realme Narzo 50A,"₹10,499",71,"Helio  G85, Octa Core, 2 Ghz Processor","4 Gb Ram, 64 Gb Inbuilt",6000 Mah Battery With 18W Fast Charging,"6.5 Inches, 720 X 1600 Px Display With Water Drop Notch",50 MP + 2 MP + 2 MP Triple Rear & 8 MP Front Camera
Realme C11 2021 (4Gb Ram + 64Gb),"₹9,999",61,"Sc9863A, Octa Core, 1.6 Ghz Processor","4 Gb Ram, 64 Gb Inbuilt",5000 Mah Battery,"6.52 Inches, 720 X 1600 Px Display With Water Drop Notch",8 MP Rear & 5 MP Front Camera
Asus Rog Phone 5S Pro 5G,"₹79,999",89,"Snapdragon  888+, Octa Core, 2.9 Ghz Processor","18 Gb Ram, 512 Gb Inbuilt",6000 Mah Battery With 65W Fast Charging,"6.78 Inches, 1080 X 2448 Px, 144 Hz Display",64 MP + 13 MP + 5 MP Triple Rear & 24 MP Front Camera
Vivo Y33S,"₹15,900",80,"Helio G80, Octa Core, 2 Ghz Processor","8 Gb Ram, 128 Gb Inbuilt",5000 Mah Battery With 18W Fast Charging,"6.58 Inches, 1080 X 2408 Px Display With Water Drop Notch",50 MP + 2 MP + 2 MP Triple Rear & 16 MP Front Camera
Samsung Galaxy A12 (6Gb Ram + 128Gb),"₹11,980",75,"Helio P35, Octa Core, 2.3 Ghz Processor","6 Gb Ram, 128 Gb Inbuilt",5000 Mah Battery With 15W Fast Charging,"6.5 Inches, 720 X 1560 Px Display With Water Drop Notch",48 MP Quad Rear & 8 MP Front Camera
Poco M3 (4Gb Ram + 64Gb),"₹10,240",74,"Snapdragon 662, Octa Core, 2 Ghz Processor","4 Gb Ram, 64 Gb Inbuilt",6000 Mah Battery With 18W Fast Charging,"6.53 Inches, 1080 X 2340 Px Display With Water Drop Notch",48 MP + 2 MP + 2 MP Triple Rear & 8 MP Front Camera
Vivo Y53S,"₹16,900",79,"Helio G80, Octa Core, 2 Ghz Processor","8 Gb Ram, 128 Gb Inbuilt",5000 Mah Battery With 19W Fast Charging,"6.58 Inches, 1080 X 2408 Px Display With Water Drop Notch",64 MP + 2 MP + 2 MP Triple Rear & 16 MP Front Camera
Nokia 6310 2021,"₹3,299",79,Unisoc  6531F,"8 Mb Ram, 16 Mb Inbuilt",1150 Mah Battery,"2.8 Inches, 160 X 240 Px Display",0.3 MP Rear Camera
Oneplus Nord Ce 5G (8Gb Ram + 128Gb),"₹24,990",82,"Snapdragon 750G , Octa Core, 2.2 Ghz Processor","8 Gb Ram, 128 Gb Inbuilt",4500 Mah Battery With Fast Charging,"6.43 Inches, 1080 X 2400 Px, 90 Hz Display With Punch Hole",64 MP + 8 MP + 2 MP Triple Rear & 16 MP Front Camera
Oppo A16,"₹12,399",69,"Helio G35, Octa Core, 2.3 Ghz Processor","4 Gb Ram, 64 Gb Inbuilt",5000 Mah Battery,"6.52 Inches, 720 X 1600 Px Display With Water Drop Notch",13 MP + 2 MP + 2 MP Triple Rear & 8 MP Front Camera
Poco M3 Pro 5G,"₹12,988",75,"Dimensity 700 5G, Octa Core, 2.2 Ghz Processor","4 Gb Ram, 64 Gb Inbuilt",5000 Mah Battery With 18W Fast Charging,"6.5 Inches, 1080 X 2400 Px, 90 Hz Display With Punch Hole",48 MP + 2 MP + 2 MP Triple Rear & 8 MP Front Camera
Motorola Moto G40 Fusion (6Gb Ram + 128Gb),"₹17,299",81,"Snapdragon  732G, Octa Core, 2.3 Ghz Processor","6 Gb Ram, 128 Gb Inbuilt",6000 Mah Battery With 20W Fast Charging,"6.78 Inches, 1080 X 2460 Px, 120 Hz Display With Punch Hole",64 MP + 8 MP + 2 MP Triple Rear & 16 MP Front Camera
Samsung Galaxy A52 (8Gb Ram + 128Gb),"₹24,990",86,"Snapdragon  720G, Octa Core, 2.3 Ghz Processor","8 Gb Ram, 128 Gb Inbuilt",4500 Mah Battery With 25W Fast Charging,"6.5 Inches, 1080 X 2400 Px, 90 Hz Display With Punch Hole",64 MP Quad Rear & 32 MP Front Camera
Micromax In 1,"₹7,990",74,"Helio G80, Octa Core, 2 Ghz Processor","4 Gb Ram, 64 Gb Inbuilt",5000 Mah Battery With 18W Fast Charging,"6.67 Inches, 1080 X 2400 Px Display With Punch Hole",48 MP + 2 MP + 2 MP Triple Rear & 8 MP Front Camera
Xiaomi Redmi Note 10 (6Gb Ram + 128Gb),"₹16,384",78,"Snapdragon 678, Octa Core, 2.2 Ghz Processor","6 Gb Ram, 128 Gb Inbuilt",5000 Mah Battery With 33W Fast Charging,"6.43 Inches, 1080 X 2400 Px Display With Punch Hole",48 MP Quad Rear & 13 MP Front Camera
Iqoo 9 5G,"₹42,990",84,"Snapdragon  888+, Octa Core, 2.9 Ghz Processor","8 Gb Ram, 128 Gb Inbuilt",4350 Mah Battery With 120W Fast Charging,"6.56 Inches, 1080 X 2376 Px, 120 Hz Display With Punch Hole",48 MP + 13 MP + 13 MP Triple Rear & 16 MP Front Camera
Vivo Y20G (6Gb Ram +128Gb),"₹14,990",73,"Helio G80, Octa Core, 2 Ghz Processor","6 Gb Ram, 128 Gb Inbuilt",5000 Mah Battery With 18W Fast Charging,"6.51 Inches, 720 X 1600 Px Display With Water Drop Notch",13 MP + 2 MP + 2 MP Triple Rear & 8 MP Front Camera
Samsung Galaxy S21 Plus 5G (8Gb Ram + 256Gb),"₹85,999",89,"Exynos 2100, Octa Core, 2.9 Ghz Processor","8 Gb Ram, 256 Gb Inbuilt",4800 Mah Battery With 25W Fast Charging,"6.7 Inches, 1080 X 2400 Px, 120 Hz Display With Punch Hole",64 MP + 12 MP + 12 MP Triple Rear & 10 MP Front Camera
Oppo Reno 5 Pro 5G,"₹30,999",84,"Dimensity 1000+, Octa Core, 2.6 Ghz Processor","8 Gb Ram, 128 Gb Inbuilt",4350 Mah Battery With 65W Fast Charging,"6.53 Inches, 1080 X 2400 Px, 90 Hz Display With Punch Hole",64 MP Quad Rear & 32 MP Front Camera
Realme X3 Superzoom Edition (8Gb Ram + 256Gb),"₹19,790",82,"Snapdragon 855+, Octa Core, 2.96 Ghz Processor","8 Gb Ram, 256 Gb Inbuilt",4200 Mah Battery With 30W Fast Charging,"6.57 Inches, 1080 X 2400 Px, 120 Hz Display With Dual Punch Hole",64 MP Quad Rear & 32 MP + 8 MP Dual Front Camera
Poco M3,"₹10,799",75,"Snapdragon 662, Octa Core, 2 Ghz Processor","6 Gb Ram, 64 Gb Inbuilt",6000 Mah Battery With 18W Fast Charging,"6.53 Inches, 1080 X 2340 Px Display With Water Drop Notch",48 MP + 2 MP + 2 MP Triple Rear & 8 MP Front Camera
Micromax In Note 1,"₹7,490",75,"Helio G85, Octa Core, 2 Ghz Processor","4 Gb Ram, 64 Gb Inbuilt",5000 Mah Battery With 18W Fast Charging,"6.67 Inches, 1080 X 2400 Px Display With Punch Hole",48 MP Quad Rear & 16 MP Front Camera
Oppo A15,"₹8,848",66,"Helio P35, Octa Core, 2.3 Ghz Processor","3 Gb Ram, 32 Gb Inbuilt",4230 Mah Battery,"6.52 Inches, 720 X 1600 Px Display With Water Drop Notch",13 MP + 2 MP + 2 MP Triple Rear & 5 MP Front Camera
Vivo Y20 (6Gb Ram + 64Gb),"₹16,999",71,"Snapdragon 460, Octa Core, 1.8 Ghz Processor","6 Gb Ram, 64 Gb Inbuilt",5000 Mah Battery With 18W Fast Charging,"6.51 Inches, 720 X 1600 Px Display With Water Drop Notch",13 MP + 2 MP + 2 MP Triple Rear & 8 MP Front Camera
Realme 7 (8Gb Ram + 128Gb),"₹17,490",82,"Helio  G95, Octa Core, 2.05 Ghz Processor","8 Gb Ram, 128 Gb Inbuilt",5000 Mah Battery With 30W Fast Charging,"6.5 Inches, 1080 X 2400 Px, 90 Hz Display With Punch Hole",64 MP Quad Rear & 16 MP Front Camera
Realme X7 Pro,"₹29,999",84,"Dimensity 1000+, Octa Core, 2.6 Ghz Processor","8 Gb Ram, 128 Gb Inbuilt",4500 Mah Battery With 65W Fast Charging,"6.55 Inches, 1080 X 2400 Px, 120 Hz Display With Punch Hole",64 MP Quad Rear & 32 MP Front Camera
Xiaomi Redmi 9 Prime,"₹11,400",72,"Helio G80, Octa Core, 2 Ghz Processor","4 Gb Ram, 64 Gb Inbuilt",5020 Mah Battery With 18W Fast Charging,"6.53 Inches, 1080 X 2340 Px Display With Water Drop Notch",13 MP Quad Rear & 8 MP Front Camera
Oppo Reno 4 Pro,"₹28,900",86,"Snapdragon  720G , Octa Core, 2.3 Ghz Processor","8 Gb Ram, 128 Gb Inbuilt",4000 Mah Battery With 65W Fast Charging,"6.5 Inches, 1080 X 2400 Px, 90 Hz Display With Punch Hole",48 MP Quad Rear & 32 MP Front Camera
Samsung Galaxy A21S (6Gb Ram + 64Gb),"₹12,199",74,"Exynos 850, Octa Core, 2 Ghz Processor","6 Gb Ram, 64 Gb Inbuilt",5000 Mah Battery,"6.5 Inches, 720 X 1600 Px Display With Punch Hole",48 MP Quad Rear & 13 MP Front Camera
Nokia 125,"₹2,348",79,No Wifi,Helio,"4 Mb Ram, 4 Mb Inbuilt",1020 Mah Battery,"2.4 inches, 320 x 240 px Display"
Nokia 150 (2020),"₹2,599",79,No Wifi,4 Mb Inbuilt,1020 Mah Battery,"2.4 Inches, 240 X 320 Px Display",0.3 MP Rear Camera
Samsung Galaxy A21S,"₹15,775",72,"Exynos 850, Octa Core, 2 Ghz Processor","4 Gb Ram, 64 Gb Inbuilt",5000 Mah Battery,"6.5 Inches, 720 X 1600 Px Display With Punch Hole",48 MP Quad Rear & 13 MP Front Camera
Realme X50 Pro 5G (12Gb Ram + 256Gb),"₹32,490",87,"Snapdragon 865, Octa Core, 2.84 Ghz Processor","12 Gb Ram, 256 Gb Inbuilt",4200 Mah Battery With 65W Fast Charging,"6.44 Inches, 1080 X 2400 Px, 90 Hz Display With Dual Punch Hole",64 MP Quad Rear & 32 MP + 8 MP Dual Front Camera
Vivo V19,"₹23,999",83,"Snapdragon  712 , Octa Core, 2.3 Ghz Processor","8 Gb Ram, 128 Gb Inbuilt",4500 Mah Battery With 33W Fast Charging,"6.44 Inches, 1080 X 2400 Px Display With Dual Punch Hole",48 MP Quad Rear & 32 MP + 8 MP Dual Front Camera
Samsung Galaxy M11,"₹9,999",66,"Snapdragon  450, Octa Core, 1.8 Ghz Processor","3 Gb Ram, 32 Gb Inbuilt",5000 Mah Battery,"6.4 Inches, 720 X 1560 Px Display With Punch Hole",13 MP + 5 MP + 2 MP Triple Rear & 8 MP Front Camera
Xiaomi Mi 10 5G,"₹52,990",89,"Snapdragon  865 , Octa Core, 2.84 Ghz Processor","8 Gb Ram, 128 Gb Inbuilt",4780 Mah Battery With 30W Fast Charging,"6.67 Inches, 1080 X 2340 Px, 90 Hz Display With Punch Hole",108 MP Quad Rear & 20 MP Front Camera
Oppo F11 (6Gb Ram + 128Gb),"₹17,990",75,"Helio P70 (12Nm), Octa Core, 2.1 Ghz Processor","6 Gb Ram, 128 Gb Inbuilt",4020 Mah Battery With Fast Charging,"6.5 Inches, 1080 X 2340 Px Display With Water Drop Notch",48 MP + 5 MP Dual Rear & 16 MP Front Camera
Xiaomi Redmi Note 7S,"₹9,290",69,"Qualcomm Snapdragon 660, Octa Core, 2.2 Ghz Processor","3 Gb Ram, 32 Gb Inbuilt",4000 Mah Battery With Fast Charging,"6.3 Inches, 1080 X 2340 Px Display With Water Drop Notch",48 MP + 5 MP Dual Rear & 13 MP Front Camera
Xiaomi Redmi K20 Pro,"₹28,999",79,"Snapdragon  855, Octa Core, 2.8 Ghz Processor","6 Gb Ram, 128 Gb Inbuilt",4000 Mah Battery With 27W Fast Charging,"6.39 Inches, 1080 X 2340 Px Display",48 MP + 13 MP + 8 MP Triple Rear & 20 MP Front Camera
Samsung Galaxy J6 (4Gb Ram + 64Gb),"₹10,490",61,"Exynos 7870, Octa Core, 1.6 Ghz Processor","4 Gb Ram, 64 Gb Inbuilt",3000 Mah Battery,"5.6 Inches, 720 X 1480 Px Display",13 MP Rear & 8 MP Front Camera
Xiaomi Mi A2,"₹11,999",67,"Snapdragon 660, Octa Core, 2.2 Ghz Processor","4 Gb Ram, 64 Gb Inbuilt",3010 Mah Battery With Fast Charging,"5.99 Inches, 1080 X 2160 Px Display",20 MP + 12 MP Dual Rear & 20 MP Front Camera
Lenovo K8 Plus,"₹7,990",64,"Helio P25, Octa Core, 2.5 Ghz Processor","3 Gb Ram, 32 Gb Inbuilt",4000 Mah Battery,"5.2 Inches, 1080 X 1920 Px Display",13 MP + 5 MP Dual Rear & 8 MP Front Camera
Samsung Galaxy C9 Pro,"₹14,990",70,"Snapdragon 653, Octa Core, 1.95 Ghz Processor","6 Gb Ram, 64 Gb Inbuilt",4000 Mah Battery,"6 Inches, 1080 X 1920 Px Display",16 MP Rear & 16 MP Front Camera
Samsung Galaxy Note 8,"₹31,999",75,"Exynos 8895, Octa Core, 2.3 Ghz Processor","6 Gb Ram, 64 Gb Inbuilt",3300 Mah Battery With Fast Charging,"6.3 Inches, 1440 X 2960 Px Display",12 MP + 12 MP Dual Rear & 8 MP Front Camera
Blackberry Keyone,"₹22,999",66,"Snapdragon 625, Octa Core, 2 Ghz Processor","4 Gb Ram, 64 Gb Inbuilt",3505 Mah Battery,"4.5 Inches, 1080 X 1620 Px Display",12 MP Rear & 8 MP Front Camera
Maplin Oneme Fm02 4G,"₹1,999",79,1.3 Mhz Processor,"32 Mb Ram, 32 Mb Inbuilt",3000 Mah Battery,"2.4 Inches, 320 X 480 Px Display",1.3 MP Rear Camera
Apple Iphone 15 Pro (512Gb),"₹1,64,900",89,"Bionic  A17 Pro, Hexa Core, 3.78 Ghz Processor","8 Gb Ram, 512 Gb Inbuilt",3274 Mah Battery With Fast Charging,"6.1 Inches, 1179 X 2556 Px, 120 Hz Display With Dynamic Island",48 MP + 12 MP + 12 MP Triple Rear & 12 MP Front Camera
Itel It5027,"₹1,110",79,208 Mhz Processor,"4 Mb Ram, 4 Mb Inbuilt",1200 Mah Battery,"2.4 Inches, 240 X 320 Px Display",0.3 MP Rear Camera
Lava A1 Vibe,"₹1,040",79,512 Mhz Processor,"32 Mb Ram, 32 Mb Inbuilt",1000 Mah Battery,"1.77 Inches, 128 X 160 Px Display",0.3 MP Rear Camera
Blackzone Flipper,"₹1,794",79,No Wifi,500 Khz Processor,"64 Mb Ram, 64 Mb Inbuilt",1100 Mah Battery,"2.4 inches, 320 x 240 px Display"
Nokia 106 2023 Single Sim,"₹1,349",79,"4 Mb Ram, 4 Mb Inbuilt",1000 Mah Battery,"1.8 Inches, 120 X 160 Px Display",No Rear Camera,"Memory Card Supported, upto 32 GB"
Snexian Bold 888,"₹1,199",79,No Wifi,1 Mhz Processor,"32 Mb Ram, 32 Mb Inbuilt",1000 Mah Battery,"1.44 inches, 120 x 240 px Display"
Lava A3 Vibe,"₹1,159",79,1 Mhz Processor,"32 Mb Ram, 32 Mb Inbuilt",1750 Mah Battery,"1.77 Inches, 128 X 160 Px Display",0.3 MP Rear Camera
Blackzone Bijli,"₹1,283",79,"Single Core, 1 Ghz Processor","64 Mb Ram, 64 Mb Inbuilt",3000 Mah Battery,"2.4 Inches, 240 X 320 Px Display",0.3 MP Rear Camera
Lava A1 Tamil Keypad,"₹1,088",79,1 Mhz Processor,"24 Mb Ram, 24 Mb Inbuilt",800 Mah Battery,"1.8 Inches, 240 X 320 Px Display",0.3 MP Rear Camera
Nokia 110 (2023),"₹1,599",79,No Wifi,"4 Mb Ram, 4 Mb Inbuilt",1000 Mah Battery,"1.8 Inches, 120 X 160 Px Display","Memory Card Supported, upto 32 GB"
Nokia C12 Pro,"₹6,799",79,"Unisoc Sc9863A1, Octa Core, 1.6 Ghz Processor","2 Gb Ram, 64 Gb Inbuilt",4000 Mah Battery,"6.3 Inches, 720 X 1600 Px Display With Water Drop Notch",8 MP Rear & 5 MP Front Camera
Itel Power 440,"₹1,329",79,2500 Mah Battery,"2.4 Inches, 240 X 320 Px Display",0.3 Mp Rear Camera,"Memory Card Supported, Upto 32 Gb",Bluetooth
Oppo A55 4G (4Gb Ram + 128Gb),"₹15,999",74,"Helio G35, Octa Core, 2.3 Ghz Processor","4 Gb Ram, 128 Gb Inbuilt",5000 Mah Battery With 18W Fast Charging,"6.51 Inches, 720 X 1600 Px Display With Punch Hole",50 MP + 2 MP + 2 MP Triple Rear & 16 MP Front Camera
Nokia C12,"₹5,899",79,"Unisoc Sc9863A1, Octa Core, 1.6 Ghz Processor","2 Gb Ram, 64 Gb Inbuilt",3000 Mah Battery,"6.3 Inches, 720 X 1600 Px Display With Water Drop Notch",8 MP Rear & 5 MP Front Camera
Infinix Hot 20 (6Gb Ram+ 128Gb),"₹15,321",78,"Dimensity 810, Octa Core, 2.4 Ghz Processor","6 Gb Ram, 128 Gb Inbuilt",5000 Mah Battery With 18W Fast Charging,"6.6 Inches, 1080 X 2408 Px, 120 Hz Display With Water Drop Notch",50 MP Dual Rear & 8 MP Front Camera
Snexian Rock 4G,"₹1,799",79,No Wifi,1 Mhz Processor,"32 Mb Ram, 32 Mb Inbuilt",2500 Mah Battery,"2.8 inches, 240 x 320 px Display"
Lava Blaze Nxt,"₹8,569",66,"Helio G37, Octa Core, 2.3 Ghz Processor","4 Gb Ram, 64 Gb Inbuilt",5000 Mah Battery,"6.5 Inches, 720 X 1600 Px Display With Water Drop Notch",13 MP + 2 MP Triple Rear & 8 MP Front Camera
Lava Hero 600I,₹849,79,No 3G,"4 Mb Ram, 3 Mb Inbuilt",620 Mah Battery,"1.8 Inches, 160 X 128 Px Display",No Rear Camera
Lava Yuva Pro,"₹6,862",79,Helio,"3 Gb Ram, 32 Gb Inbuilt",5000 Mah Battery With 10W Fast Charging,"6.52 Inches, 1600 X 720 Px Display With Water Drop Notch",13 MP + Depth Sensor Triple Rear & 8 MP Front Camera
Samsung Galaxy M32 Prime Edition (6Gb Ram + 128Gb),"₹14,999",79,"Helio G80, Octa Core, 2 Ghz Processor","6 Gb Ram, 128 Gb Inbuilt",6000 Mah Battery With 15W Fast Charging,"6.4 Inches, 1080 X 2400 Px, 90 Hz Display With Water Drop Notch",64 MP Quad Rear & 20 MP Front Camera
Samsung Galaxy Z Fold 4 (12Gb Ram + 512Gb),"₹1,49,999",79,"Snapdragon  8+ Gen1, Octa Core, 3.2 Ghz Processor","12 Gb Ram, 512 Gb Inbuilt",4400 Mah Battery With 25W Fast Charging,"7.6 Inches, 1812 X 2176 Px, 120 Hz Display With Punch Hole","Foldable Display, Dual Display"
Nokia 110 (2022),"₹1,799",79,No Wifi,"4 Mb Ram, 4 Mb Inbuilt",1000 Mah Battery,"1.77 Inches, 120 X 160 Px Display","Memory Card Supported, upto 32 GB"
Vivo T1X (4Gb Ram + 128Gb),"₹12,499",75,"Snapdragon 680, Octa Core, 2.4 Ghz Processor","4 Gb Ram, 128 Gb Inbuilt",5000 Mah Battery With 18W Fast Charging,"6.58 Inches, 1080 X 2408 Px, 90 Hz Display With Water Drop Notch",50 MP + 2 MP Dual Rear & 8 MP Front Camera
Nokia C21 Plus (4Gb Ram + 64Gb),"₹6,779",64,"Unisoc  Sc9863A, Octa Core, 1.6 Ghz Processor","4 Gb Ram, 64 Gb Inbuilt",5050 Mah Battery,"6.52 Inches, 720 X 1600 Px Display With Water Drop Notch",13 MP + 2 MP Dual Rear & 5 MP Front Camera
Saregama Carvaan M21,"₹2,490",79,Mtk,"32 Mb Ram, 2 Gb Inbuilt",2500 Mah Battery,2.4 Inches Display,Main Rear Camera
Vivo Y15C (3Gb Ram + 64Gb),"₹9,990",67,"Helio P35, Octa Core, 2.3 Ghz Processor","3 Gb Ram, 64 Gb Inbuilt",5000 Mah Battery,"6.51 Inches, 720 X 1600 Px Display With Water Drop Notch",13 MP + 2 MP Dual Rear & 8 MP Front Camera
Realme Gt Neo 3 Thor Limited Edition,"₹36,999",85,"Dimensity  8100, Octa Core, 2.85 Ghz Processor","12 Gb Ram, 256 Gb Inbuilt",5000 Mah Battery With 150W Fast Charging,"6.7 Inches, 1080 X 2412 Px, 120 Hz Display With Punch Hole",50 MP + 8 MP + 2 MP Triple Rear & 16 MP Front Camera
Lava Blaze,"₹7,249",63,"Helio A22, Quad Core, 2 Ghz Processor","3 Gb Ram, 64 Gb Inbuilt",5000 Mah Battery,"6.5 Inches, 1600 X 720 Px Display With Water Drop Notch",13 MP + 2 MP Triple Rear & 8 MP Front Camera
Realme C30 (3Gb Ram + 32Gb),"₹6,999",60,"Tiger T612, Octa Core, 1.82 Ghz Processor","3 Gb Ram, 32 Gb Inbuilt",5000 Mah Battery,"6.5 Inches, 720 X 1600 Px Display With Water Drop Notch",8 MP Rear & 5 MP Front Camera
Itel It2175,"₹1,099",79,260 Mhz Processor,1200 Mah Battery,"1.8 Inches, 160 X 128 Px Display",0.3 Mp Rear Camera,"Memory Card Supported, upto 32 GB"
Nokia 105 Plus,"₹1,535",79,"4 Mb Ram, 4 Mb Inbuilt",800 Mah Battery,"1.77 Inches, 128 X 160 Px Display",No Rear Camera,"Memory Card Supported, upto 32 GB"
Iqoo Z6 Pro 5G (8Gb Ram + 128Gb),"₹26,990",80,"Snapdragon  778G, Octa Core, 2.4 Ghz Processor","8 Gb Ram, 128 Gb Inbuilt",4700 Mah Battery With 66W Fast Charging,"6.44 Inches, 1080 X 2404 Px, 90 Hz Display With Water Drop Notch",64 MP + 8 MP + 2 MP Triple Rear & 16 MP Front Camera
Iqoo Z6 4G (6Gb Ram + 128Gb),"₹14,999",80,"Snapdragon  680, Octa Core, 2.4 Ghz Processor","6 Gb Ram, 128 Gb Inbuilt",5000 Mah Battery With 44W Fast Charging,"6.44 Inches, 1080 X 2400 Px, 120 Hz Display With Water Drop Notch",50 MP + 2 MP + 2 MP Triple Rear & 16 MP Front Camera
Nokia G21 (6Gb Ram + 128Gb),"₹13,499",75,"Unisoc  T606, Octa Core, 2 Ghz Processor","6 Gb Ram, 128 Gb Inbuilt",5050 Mah Battery With 18W Fast Charging,"6.5 Inches, 720 X 1600 Px, 90 Hz Display With Water Drop Notch",50 MP + 2 MP + 2 MP Triple Rear & 8 MP Front Camera
Itel It2163S,₹947,79,"4 Mb Ram, 4 Mb Inbuilt",1200 Mah Battery,"1.8 Inches, 160 X 128 Px Display",No Rear Camera,"Memory Card Supported, upto 32 GB"
Vivo Y21G,"₹13,900",65,"Helio G70, Octa Core, 2 Ghz Processor","4 Gb Ram, 64 Gb Inbuilt",5000 Mah Battery With 18W Fast Charging,"6.51 Inches, 720 X 1600 Px Display With Water Drop Notch",13 MP + 2 MP Dual Rear & 8 MP Front Camera
Kechaoda K55 Pro,"₹1,098",79,"32 Mb Ram, 64 Mb Inbuilt",400 Mah Battery,"1.8 Inches, 320 X 480 Px Display",1.3 Mp Rear Camera,No FM Radio
Marq By Flipkart M80 Jalwa,₹999,79,"32 Mb Ram, 32 Mb Inbuilt",1450 Mah Battery,"2.8 Inches, 320 X 240 Px Display",0.3 Mp Rear Camera,"Memory Card Supported, upto 32 GB"
Infinix Smart 6 Plus,"₹6,990",63,"Helio G25, Octa Core, 2 Ghz Processor","3 Gb Ram, 64 Gb Inbuilt",5000 Mah Battery,"6.82 Inches, 720 X 1600 Px Display With Water Drop Notch",8 MP + Depth Sensor Dual Rear & 5 MP Front Camera
Oppo A16E,"₹9,200",65,"Helio P22, Octa Core, 2 Ghz Processor","3 Gb Ram, 32 Gb Inbuilt",4230 Mah Battery,"6.52 Inches, 720 X 1600 Px Display With Water Drop Notch",13 MP Rear & 5 MP Front Camera
Lava Z21,"₹5,199",79,"2 Gb Ram, 32 Gb Inbuilt",3100 Mah Battery,"5 Inches, 480 X 854 Px Display",5 Mp Rear & 2 Mp Front Camera,"Memory Card Supported, upto 256 GB"
Poco M4 Pro 4G (6Gb Ram + 128Gb),"₹13,990",79,"Helio G96, Octa Core, 2.05 Ghz Processor","6 Gb Ram, 128 Gb Inbuilt",5000 Mah Battery With 33W Fast Charging,"6.43 Inches, 1080 X 2400 Px, 90 Hz Display With Punch Hole",64 MP + 8 MP + 2 MP Triple Rear & 16 MP Front Camera
Nokia C21 Plus,"₹5,399",61,"Unisoc  Sc9863A, Octa Core, 1.6 Ghz Processor","3 Gb Ram, 32 Gb Inbuilt",5050 Mah Battery,"6.52 Inches, 720 X 1600 Px Display With Water Drop Notch",13 MP + 2 MP Dual Rear & 5 MP Front Camera
Micromax X818,"₹1,509",79,1 Mhz Processor,"32 Mb Ram, 32 Mb Inbuilt",1450 Mah Battery,"2.8 Inches, 240 X 320 Px Display",0.3 MP Rear Camera
Micromax X778,"₹1,199",79,1 Mhz Processor,"32 Mb Ram, 32 Mb Inbuilt",2700 Mah Battery,"2.4 Inches, 240 X 320 Px Display",0.3 MP Rear Camera
Nokia G21,"₹12,999",72,"Unisoc  T606, Octa Core, 2 Ghz Processor","4 Gb Ram, 64 Gb Inbuilt",5050 Mah Battery With 18W Fast Charging,"6.5 Inches, 720 X 1600 Px, 90 Hz Display With Water Drop Notch",50 MP + 2 MP + 2 MP Triple Rear & 8 MP Front Camera
Xiaomi Redmi Note 11 Pro 4G,"₹16,490",81,"Helio  G96, Octa Core, 2.05 Ghz Processor","6 Gb Ram, 128 Gb Inbuilt",5000 Mah Battery With 67W Fast Charging,"6.67 Inches, 1080 X 2400 Px, 120 Hz Display With Punch Hole",108 MP Quad Rear & 16 MP Front Camera
Tecno Spark 9,"₹9,699",69,"Helio G37, Octa Core, 2.3 Ghz Processor","6 Gb Ram, 128 Gb Inbuilt",5000 Mah Battery,"6.6 Inches, 720 X 1600 Px, 90 Hz Display With Water Drop Notch",13 MP Dual Rear & 8 MP Front Camera
Micromax X413,₹832,79,1 Mhz Processor,"32 Mb Ram, 32 Mb Inbuilt",800 Mah Battery,"1.77 Inches, 240 X 320 Px Display",0.3 MP Rear Camera
Tecno Pop 5 Pro,"₹6,840",79,"Helio A22, Quad Core, 2 Ghz Processor","3 Gb Ram, 32 Gb Inbuilt",6000 Mah Battery,"6.52 Inches, 720 X 1600 Px Display With Water Drop Notch",8 MP Dual Rear & 5 MP Front Camera
Vivo Y33T,"₹16,990",81,"Snapdragon 680, Octa Core, 2.4 Ghz Processor","8 Gb Ram, 128 Gb Inbuilt",5000 Mah Battery With 18W Fast Charging,"6.58 Inches, 1080 X 2408 Px, 90 Hz Display With Water Drop Notch",50 MP + 2 MP + 2 MP Triple Rear & 16 MP Front Camera
Realme Narzo 50A Prime,"₹8,999",73,"Tiger T612, Octa Core, 1.82 Ghz Processor","4 Gb Ram, 64 Gb Inbuilt",5000 Mah Battery With 18W Fast Charging,"6.6 Inches, 1080 X 2408 Px Display With Water Drop Notch",50 MP + 3 MP + 2 MP Triple Rear & 8 MP Front Camera
Vivo Y01,"₹8,888",61,"Helio P35, Octa Core, 2.3 Ghz Processor","2 Gb Ram, 32 Gb Inbuilt",5000 Mah Battery,"6.51 Inches, 720 X 1600 Px Display With Water Drop Notch",8 MP Rear & 5 MP Front Camera
Infinix Note 11S (8Gb Ram + 128Gb),"₹15,999",79,"Helio G96, Octa Core, 2.05 Ghz Processor","8 Gb Ram, 128 Gb Inbuilt",5000 Mah Battery With 33W Fast Charging,"6.95 Inches, 1080 X 2460 Px, 120 Hz Display With Punch Hole",50 MP + 2 MP + 2 MP Triple Rear & 16 MP Front Camera
Tecno Spark 8 (4Gb Ram + 64Gb),"₹7,199",64,"Helio A25, Octa Core, 1.8 Ghz Processor","4 Gb Ram, 64 Gb Inbuilt",5000 Mah Battery,"6.52 Inches, 720 X 1600 Px Display With Water Drop Notch",16 MP + 2 MP Dual Rear & 8 MP Front Camera
Vivo Y21T,"₹13,680",74,"Snapdragon 680 , Octa Core, 2.4 Ghz Processor","4 Gb Ram, 128 Gb Inbuilt",5000 Mah Battery With 18W Fast Charging,"6.51 Inches, 1600 X 720 Px, 90 Hz Display With Water Drop Notch",50 MP + 2 MP + 2 MP Triple Rear & 8 MP Front Camera
Vivo Y20T,"₹13,120",70,"Snapdragon 662, Octa Core, 2 Ghz Processor","6 Gb Ram, 64 Gb Inbuilt",5000 Mah Battery With 18W Fast Charging,"6.51 Inches, 1600 X 720 Px Display With Water Drop Notch",13 MP + 2 MP + 2 MP Triple Rear & 8 MP Front Camera
Poco C31 (4Gb Ram + 64Gb),"₹8,510",68,"Helio G35, Octa Core, 2.3 Ghz Processor","4 Gb Ram, 64 Gb Inbuilt",5000 Mah Battery,"6.53 Inches, 720 X 1600 Px Display With Water Drop Notch",13 MP + 2 MP + 2 MP Triple Rear & 5 MP Front Camera
Xiaomi Redmi Note 10 Lite (4Gb Ram + 128Gb),"₹11,990",77,"Snapdragon 720G, Octa Core, 2.3 Ghz Processor","4 Gb Ram, 128 Gb Inbuilt",5020 Mah Battery With 18W Fast Charging,"6.67 Inches, 1080 X 2400 Px Display With Punch Hole",48 MP Quad Rear & 16 MP Front Camera
Vivo X70 Pro 5G (8Gb Ram + 256Gb),"₹45,999",86,"Dimensity 1200, Octa Core, 3 Ghz Processor","8 Gb Ram, 256 Gb Inbuilt",4450 Mah Battery With 44W Fast Charging,"6.56 Inches, 1080 X 2376 Px, 120 Hz Display With Punch Hole",50 MP Quad Rear & 32 MP Front Camera
Samsung Galaxy F42 5G (8Gb Ram + 128Gb),"₹18,490",82,"Dimensity 700 5G, Octa Core, 2.2 Ghz Processor","8 Gb Ram, 128 Gb Inbuilt",5000 Mah Battery With 15W Fast Charging,"6.6 Inches, 1080 X 2408 Px, 90 Hz Display With Water Drop Notch",64 MP + 5 MP + 2 MP Triple Rear & 8 MP Front Camera
Xiaomi Redmi 9 Activ (6Gb Ram + 128Gb),"₹9,390",72,"Helio G35, Octa Core, 2.3 Ghz Processor","6 Gb Ram, 128 Gb Inbuilt",5000 Mah Battery,"6.53 Inches, 720 X 1600 Px Display With Water Drop Notch",13 MP + 2 MP Dual Rear & 5 MP Front Camera
Realme Narzo 50A (4Gb Ram + 128Gb),"₹10,499",73,"Helio  G85, Octa Core, 2 Ghz Processor","4 Gb Ram, 128 Gb Inbuilt",6000 Mah Battery With 18W Fast Charging,"6.5 Inches, 720 X 1600 Px Display With Water Drop Notch",50 MP + 2 MP + 2 MP Triple Rear & 8 MP Front Camera
Motorola Moto G31,"₹11,999",75,"Helio  G85, Octa Core, 2 Ghz Processor","4 Gb Ram, 64 Gb Inbuilt",5000 Mah Battery With 20W Fast Charging,"6.47 Inches, 1080 X 2400 Px Display With Punch Hole",50 MP + 8 MP + 2 MP Triple Rear & 13 MP Front Camera
Tecno Spark 8P,"₹8,199",72,"Helio G85, Octa Core, 2 Ghz Processor","4 Gb Ram, 64 Gb Inbuilt",5000 Mah Battery With 18W Fast Charging,"6.6 Inches, 1080 X 2400 Px, 90 Hz Display With Water Drop Notch",50 MP + 2 MP Triple Rear & 8 MP Front Camera
Infinix Hot 11S (4Gb Ram + 128Gb),"₹9,139",73,"Helio G88, Octa Core, 2 Ghz Processor","4 Gb Ram, 128 Gb Inbuilt",5000 Mah Battery,"6.78 Inches, 1080 X 2480 Px, 90 Hz Display With Punch Hole",50 MP + 2 MP Triple Rear & 8 MP Front Camera
Oppo F19S,"₹17,199",79,"Snapdragon 662 , Octa Core, 2 Ghz Processor","6 Gb Ram, 128 Gb Inbuilt",5000 Mah Battery With 33W Fast Charging,"6.43 Inches, 1080 X 2400 Px Display With Punch Hole",48 MP + 2 MP + 2 MP Triple Rear & 16 MP Front Camera
Samsung Galaxy A03S (4Gb Ram + 64Gb),"₹12,999",69,"Helio P35, Octa Core, 2.3 Ghz Processor","4 Gb Ram, 64 Gb Inbuilt",5000 Mah Battery With 15W Fast Charging,"6.5 Inches, 720 X 1600 Px Display With Water Drop Notch",13 MP + 2 MP + 2 MP Triple Rear & 5 MP Front Camera
Nokia C20 Plus (3Gb Ram + 32Gb),"₹5,399",61,"Unisoc  Sc9863A, Octa Core, 1.6 Ghz Processor","3 Gb Ram, 32 Gb Inbuilt",4950 Mah Battery,"6.5 Inches, 720 X 1600 Px Display With Water Drop Notch",8 MP + 2 MP Dual Rear & 5 MP Front Camera
Kechaoda K66 The Music House 4,"₹1,160",79,"32 Mb Ram, 64 Mb Inbuilt",400 Mah Battery,"1.8 Inches, 320 X 480 Px Display",1.3 Mp Rear Camera,"Memory Card (Hybrid), upto 32 GB"
Samsung Galaxy A22 5G (8Gb Ram + 128Gb),"₹18,699",81,"Dimensity 700 5G, Octa Core, 2.2 Ghz Processor","8 Gb Ram, 128 Gb Inbuilt",5000 Mah Battery With 15W Fast Charging,"6.6 Inches, 1080 X 2408 Px, 90 Hz Display With Water Drop Notch",48 MP + 5 MP + 2 MP Triple Rear & 8 MP Front Camera
Itel Power 700,"₹1,799",79,2500 Mah Battery,"2.8 Inches, 320 X 240 Px Display",0.3 Mp Rear Camera,"Memory Card Supported, Upto 32 Gb",Bluetooth
Realme Narzo 30 (6Gb Ram + 128Gb),"₹14,999",78,"Helio G95, Octa Core, 2.05 Ghz Processor","6 Gb Ram, 128 Gb Inbuilt",5000 Mah Battery With 30W Fast Charging,"6.5 Inches, 1080 X 2400 Px, 90 Hz Display With Punch Hole",48 MP + 2 MP + 2 MP Triple Rear & 16 MP Front Camera
Micromax In 2B,"₹6,899",66,"Unisoc  T610, Octa Core, 1.8 Ghz Processor","4 Gb Ram, 64 Gb Inbuilt",5000 Mah Battery,"6.52 Inches, 720 X 1600 Px Display With Water Drop Notch",13 MP + 2 MP Dual Rear & 5 MP Front Camera
Nokia 110 4G,"₹3,299",79,No Wifi,"128 Mb Ram, 48 Mb Inbuilt",1020 Mah Battery,"1.8 Inches, 120 X 160 Px Display",0.3 MP Rear Camera
Realme C25S (4Gb Ram + 128Gb),"₹8,999",69,"Helio G85, Octa Core, 2 Ghz Processor","4 Gb Ram, 128 Gb Inbuilt",6000 Mah Battery With 18W Fast Charging,"6.5 Inches, 720 X 1600 Px Display With Water Drop Notch",13 MP + 2 MP + 2 MP Triple Rear & 8 MP Front Camera
Poco M3 Pro 5G (6Gb Ram + 128Gb),"₹15,390",79,"Dimensity 700 5G, Octa Core, 2.2 Ghz Processor","6 Gb Ram, 128 Gb Inbuilt",5000 Mah Battery With 18W Fast Charging,"6.5 Inches, 1080 X 2400 Px, 90 Hz Display With Punch Hole",48 MP + 2 MP + 2 MP Triple Rear & 8 MP Front Camera
Realme C21Y,"₹9,499",62,"Unisoc T610, Octa Core, 1.8 Ghz Processor","3 Gb Ram, 32 Gb Inbuilt",5000 Mah Battery,"6.5 Inches, 720 X 1600 Px Display With Water Drop Notch",13 MP + 2 MP + 2 MP Triple Rear & 5 MP Front Camera
Dizo Star 500,"₹1,599",79,"Sc6531E, 26 Mhz Processor","32 Mb Ram, 32 Mb Inbuilt",1900 Mah Battery,"2.8 Inches, 240 X 320 Px Display",0.3 MP Rear Camera
Infinix Hot 10S (6Gb Ram + 64Gb),"₹9,358",72,"Helio G85, Octa Core, 2 Ghz Processor","6 Gb Ram, 64 Gb Inbuilt",6000 Mah Battery,"6.82 Inches, 1640 X 720 Px, 90 Hz Display With Punch Hole",48 MP + 2 MP Triple Rear & 8 MP Front Camera
Xiaomi Redmi Note 10S (6Gb Ram + 128Gb),"₹16,490",79,"Helio G95, Octa Core, 2.05 Ghz Processor","6 Gb Ram, 128 Gb Inbuilt",5000 Mah Battery With 33W Fast Charging,"6.43 Inches, 1080 X 2400 Px Display With Punch Hole",64 MP Quad Rear & 13 MP Front Camera
Tecno Spark 7,"₹6,790",61,"Helio A25, Octa Core, 1.8 Ghz Processor","2 Gb Ram, 32 Gb Inbuilt",6000 Mah Battery,"6.5 Inches, 720 X 1600 Px Display With Water Drop Notch",16 MP Dual Rear & 8 MP Front Camera
Vivo Y72 5G,"₹21,000",78,"Snapdragon 480, Octa Core, 2 Ghz Processor","8 Gb Ram, 128 Gb Inbuilt",5000 Mah Battery With 18W Fast Charging,"6.58 Inches, 1080 X 2408 Px Display With Water Drop Notch",48 MP + 2 MP Dual Rear & 8 MP Front Camera
Realme C11 2021,"₹7,499",61,"Sc9863A, Octa Core, 1.6 Ghz Processor","2 Gb Ram, 32 Gb Inbuilt",5000 Mah Battery,"6.52 Inches, 720 X 1600 Px Display With Water Drop Notch",8 MP Rear & 5 MP Front Camera
Samsung Galaxy A72 (8Gb Ram + 256Gb),"₹37,999",88,"Snapdragon  720G , Octa Core, 2.3 Ghz Processor","8 Gb Ram, 256 Gb Inbuilt",5000 Mah Battery With 25W Fast Charging,"6.7 Inches, 1080 X 2400 Px, 90 Hz Display With Punch Hole",64 MP Quad Rear & 32 MP Front Camera
Oppo F19 Pro (8Gb Ram + 256Gb),"₹21,990",81,"Helio P95, Octa Core, 2.2 Ghz Processor","8 Gb Ram, 256 Gb Inbuilt",4310 Mah Battery With 30W Fast Charging,"6.43 Inches, 1080 X 2400 Px Display With Punch Hole",48 MP Quad Rear & 16 MP Front Camera
Motorola Moto G10 Power,"₹9,989",72,"Snapdragon 460, Octa Core, 1.8 Ghz Processor","4 Gb Ram, 64 Gb Inbuilt",6000 Mah Battery With 20W Fast Charging,"6.51 Inches, 1600 X 720 Px Display With Water Drop Notch",48 MP Quad Rear & 8 MP Front Camera
Motorola Moto E7 Power,"₹9,398",66,"Helio G25, Octa Core, 2 Ghz Processor","4 Gb Ram, 64 Gb Inbuilt",5000 Mah Battery,"6.5 Inches, 720 X 1600 Px Display With Water Drop Notch",13 MP + 2 MP Dual Rear & 5 MP Front Camera
Oppo F19 Pro,"₹19,990",80,"Helio P95, Octa Core, 2.2 Ghz Processor","8 Gb Ram, 128 Gb Inbuilt",4310 Mah Battery With 30W Fast Charging,"6.43 Inches, 1080 X 2400 Px Display With Punch Hole",48 MP Quad Rear & 16 MP Front Camera
Vivo Y31 (6Gb Ram + 128Gb),"₹16,490",78,"Snapdragon  662, Octa Core, 2 Ghz Processor","6 Gb Ram, 128 Gb Inbuilt",5000 Mah Battery With 18W Fast Charging,"6.58 Inches, 1080 X 2408 Px Display With Water Drop Notch",48 MP + 2 MP + 2 MP Triple Rear & 16 MP Front Camera
Iqoo 7 (12Gb Ram + 256Gb),"₹30,999",85,"Snapdragon 870, Octa Core, 3.2 Ghz Processor","12 Gb Ram, 256 Gb Inbuilt",4400 Mah Battery With 66W Fast Charging,"6.62 Inches, 1080 X 2400 Px, 120 Hz Display With Punch Hole",48 MP + 13 MP + 2 MP Triple Rear & 16 MP Front Camera
Xiaomi Mi 11 Lite,"₹21,999",79,"Snapdragon 732G, Octa Core, 2.3 Ghz Processor","6 Gb Ram, 128 Gb Inbuilt",4250 Mah Battery With 33W Fast Charging,"6.55 Inches, 1080 X 2400 Px, 90 Hz Display With Punch Hole",64 MP + 8 MP + 5 MP Triple Rear & 16 MP Front Camera
Infinix Hot 10 Play,"₹7,890",67,"Helio  G35, Octa Core, 2.3 Ghz Processor","4 Gb Ram, 64 Gb Inbuilt",6000 Mah Battery,"6.82 Inches, 720 X 1640 Px Display With Water Drop Notch",13 MP Dual Rear & 8 MP Front Camera
Nokia 5.4,"₹9,300",70,"Snapdragon 662, Octa Core, 2 Ghz Processor","4 Gb Ram, 64 Gb Inbuilt",4000 Mah Battery,"6.39 Inches, 1560 X 720 Px Display With Punch Hole",48 MP Quad Rear & 16 MP Front Camera
Samsung Galaxy F12,"₹10,999",73,"Exynos 850, Octa Core, 2 Ghz Processor","4 Gb Ram, 64 Gb Inbuilt",6000 Mah Battery With 15W Fast Charging,"6.5 Inches, 720 X 1600 Px, 90 Hz Display With Water Drop Notch",48 MP Quad Rear & 8 MP Front Camera
Poco C3 (4Gb Ram + 64Gb),"₹7,980",69,"Helio G35, Octa Core, 2.3 Ghz Processor","4 Gb Ram, 64 Gb Inbuilt",5000 Mah Battery,"6.53 Inches, 720 X 1600 Px Display With Water Drop Notch",13 MP + 2 MP + 2 MP Triple Rear & 5 MP Front Camera
Realme Narzo 20A,"₹8,499",65,"Snapdragon 665, Octa Core, 2 Ghz Processor","3 Gb Ram, 32 Gb Inbuilt",5000 Mah Battery,"6.5 Inches, 720 X 1600 Px Display With Water Drop Notch",12 MP + 2 MP + 2 MP Triple Rear & 8 MP Front Camera
Vivo V20 Se,"₹19,600",82,"Snapdragon  665, Octa Core, 2 Ghz Processor","8 Gb Ram, 128 Gb Inbuilt",4100 Mah Battery With 33W Fast Charging,"6.44 Inches, 1080 X 2400 Px Display With Water Drop Notch",48 MP + 8 MP + 2 MP Triple Rear & 32 MP Front Camera
Poco M2,"₹10,999",74,"Helio G80, Octa Core, 2 Ghz Processor","6 Gb Ram, 64 Gb Inbuilt",5000 Mah Battery With 18W Fast Charging,"6.53 Inches, 1080 X 2340 Px Display With Water Drop Notch",13 MP Quad Rear & 8 MP Front Camera
Realme X7,"₹21,990",77,"Dimensity 800U, Octa Core, 2.4 Ghz Processor","6 Gb Ram, 128 Gb Inbuilt",4310 Mah Battery With 50W Fast Charging,"6.43 Inches, 2400 X 1080 Px Display With Punch Hole",64 MP + 8 MP + 2 MP Triple Rear & 16 MP Front Camera
Realme Narzo 20,"₹10,499",72,"Helio G85 , Octa Core, 2 Ghz Processor","4 Gb Ram, 64 Gb Inbuilt",6000 Mah Battery With 18W Fast Charging,"6.5 Inches, 720 X 1600 Px Display With Water Drop Notch",48 MP + 8 MP + 2 MP Triple Rear & 8 MP Front Camera
Vivo Y1S,"₹7,470",61,"Helio P35, Octa Core, 2.3 Ghz Processor","2 Gb Ram, 32 Gb Inbuilt",4030 Mah Battery,"6.22 Inches, 720 X 1520 Px Display With Water Drop Notch",13 MP Rear & 5 MP Front Camera
Xiaomi Redmi 9 Prime (4Gb Ram + 128Gb),"₹11,999",74,"Helio G80, Octa Core, 2 Ghz Processor","4 Gb Ram, 128 Gb Inbuilt",5020 Mah Battery With 18W Fast Charging,"6.53 Inches, 1080 X 2340 Px Display With Water Drop Notch",13 MP Quad Rear & 8 MP Front Camera
Infinix Hot 10,"₹11,999",72,"Helio G70, Octa Core, 2 Ghz Processor","6 Gb Ram, 128 Gb Inbuilt",5200 Mah Battery,"6.78 Inches, 720 X 1640 Px Display With Punch Hole",16 MP Quad Rear & 8 MP Front Camera
Poco C3,"₹6,590",66,"Helio G35, Octa Core, 2.3 Ghz Processor","3 Gb Ram, 32 Gb Inbuilt",5000 Mah Battery,"6.53 Inches, 720 X 1600 Px Display With Water Drop Notch",13 MP + 2 MP + 2 MP Triple Rear & 5 MP Front Camera
Poco M2 Pro (6Gb Ram + 128Gb),"₹13,999",79,"Snapdragon 720G, Octa Core, 2.3 Ghz Processor","6 Gb Ram, 128 Gb Inbuilt",5000 Mah Battery With 33W Fast Charging,"6.67 Inches, 1080 X 2400 Px Display With Punch Hole",48 MP Quad Rear & 16 MP Front Camera
Xiaomi Redmi 8A Dual (3Gb Ram + 64Gb),"₹9,990",66,"Snapdragon  439, Octa Core, 2 Ghz Processor","3 Gb Ram, 64 Gb Inbuilt",5000 Mah Battery With 18W Fast Charging,"6.22 Inches, 720 X 1520 Px Display With Water Drop Notch",13 MP + 2 MP Dual Rear & 8 MP Front Camera
Oppo A11K,"₹8,990",63,"Helio P35 , Octa Core, 2.3 Ghz Processor","2 Gb Ram, 32 Gb Inbuilt",4230 Mah Battery,"6.22 Inches, 720 X 1520 Px Display With Water Drop Notch",13 MP + 2 MP Dual Rear & 5 MP Front Camera
Xiaomi Redmi Note 10 Pro,"₹16,499",79,"Snapdragon 732G , Octa Core, 2.3 Ghz Processor","6 Gb Ram, 64 Gb Inbuilt",5020 Mah Battery With 33W Fast Charging,"6.67 Inches, 1080 X 2400 Px, 120 Hz Display With Punch Hole",64 MP Quad Rear & 16 MP Front Camera
Oppo A52,"₹19,999",75,"Snapdragon  665 , Octa Core, 2 Ghz Processor","6 Gb Ram, 128 Gb Inbuilt",5000 Mah Battery With 18W Fast Charging,"6.5 Inches, 1080 X 2400 Px Display With Punch Hole",12 MP Quad Rear & 16 MP Front Camera
Vivo X50,"₹31,080",80,"Snapdragon 730, Octa Core, 2.2 Ghz Processor","8 Gb Ram, 128 Gb Inbuilt",4200 Mah Battery With 33W Fast Charging,"6.56 Inches, 1080 X 2376 Px Display With Punch Hole",48 MP Quad Rear & 32 MP Front Camera
Realme Narzo 10A,"₹8,690",62,"Helio G70, Octa Core, 2 Ghz Processor","3 Gb Ram, 32 Gb Inbuilt",5000 Mah Battery,"6.5 Inches, 720 X 1600 Px Display With Water Drop Notch",12 MP + 2 MP + 2 MP Triple Rear & 5 MP Front Camera
Vivo Y50,"₹21,000",78,"Snapdragon 665, Octa Core, 2 Ghz Processor","8 Gb Ram, 128 Gb Inbuilt",5000 Mah Battery,"6.53 Inches, 1080 X 2340 Px Display With Punch Hole",13 MP Quad Rear & 16 MP Front Camera
Oppo A12,"₹8,990",64,"Helio P35, Octa Core, 1.8 Ghz Processor","3 Gb Ram, 32 Gb Inbuilt",4230 Mah Battery,"6.22 Inches, 1520 X 720 Px Display With Water Drop Notch",13 MP + 2 MP Dual Rear & 5 MP Front Camera
Realme 6 Pro (6Gb Ram + 128Gb),"₹19,990",82,"Snapdragon 720G, Octa Core, 2.3 Ghz Processor","6 Gb Ram, 128 Gb Inbuilt",4300 Mah Battery With 30W Fast Charging,"6.6 Inches, 1080 X 2400 Px, 90 Hz Display With Dual Punch Hole",64 MP Quad Rear & 16 MP + 8 MP Dual Front Camera
Oppo Reno 3 Pro,"₹25,990",86,"Helio P95, Octa Core, 2.2 Ghz Processor","8 Gb Ram, 128 Gb Inbuilt",4025 Mah Battery With 30W Fast Charging,"6.4 Inches, 1080 X 2400 Px Display With Dual Punch Hole",64 MP Quad Rear & 44 MP + 2 MP Dual Front Camera
Realme X50 Pro 5G (8Gb Ram + 128Gb),"₹27,999",85,"Snapdragon 865, Octa Core, 2.84 Ghz Processor","8 Gb Ram, 128 Gb Inbuilt",4200 Mah Battery With 65W Fast Charging,"6.44 Inches, 1080 X 2400 Px, 90 Hz Display With Dual Punch Hole",64 MP Quad Rear & 32 MP + 8 MP Dual Front Camera
Xiaomi Redmi 8A Dual,"₹7,499",63,"Snapdragon  439, Octa Core, 2 Ghz Processor","2 Gb Ram, 32 Gb Inbuilt",5000 Mah Battery With 18W Fast Charging,"6.22 Inches, 720 X 1520 Px Display With Water Drop Notch",13 MP + 2 MP Dual Rear & 8 MP Front Camera
Motorola Moto G9,"₹9,900",70,"Snapdragon 662, Octa Core, 2 Ghz Processor","4 Gb Ram, 64 Gb Inbuilt",5000 Mah Battery With 20W Fast Charging,"6.5 Inches, 1600 X 720 Px Display With Water Drop Notch",48 MP + 2 MP + 2 MP Triple Rear & 8 MP Front Camera
Realme C3,"₹9,999",62,"Helio G70, Octa Core, 2 Ghz Processor","3 Gb Ram, 32 Gb Inbuilt",5000 Mah Battery,"6.52 Inches, 720 X 1600 Px Display With Water Drop Notch",12 MP + 2 MP Dual Rear & 5 MP Front Camera
Oppo Find X2,"₹57,500",89,"Snapdragon  865 , Octa Core, 2.84 Ghz Processor","12 Gb Ram, 256 Gb Inbuilt",4200 Mah Battery With 65W Fast Charging,"6.7 Inches, 1440 X 3168 Px, 120 Hz Display With Punch Hole",48 MP + 13 MP + 12 MP Triple Rear & 32 MP Front Camera
Realme X2 Pro (6Gb Ram + 64Gb),"₹21,999",79,"Snapdragon 855+, Octa Core, 2.96 Ghz Processor","6 Gb Ram, 64 Gb Inbuilt",4000 Mah Battery With 50W Fast Charging,"6.5 Inches, 1080 X 2400 Px Display With Water Drop Notch",64 MP Quad Rear & 16 MP Front Camera
Samsung Galaxy A70S (8Gb Ram + 128Gb),"₹24,840",83,"Snapdragon 675, Octa Core, 2 Ghz Processor","8 Gb Ram, 128 Gb Inbuilt",4500 Mah Battery With 25W Fast Charging,"6.7 Inches, 1080 X 2400 Px Display With Water Drop Notch",64 MP + 8 MP + 5 MP Triple Rear & 32 MP Front Camera
Samsung Galaxy A20S (4Gb Ram+64Gb),"₹12,990",70,"Snapdragon 450, Octa Core, 1.8 Ghz Processor","4 Gb Ram, 64 Gb Inbuilt",4000 Mah Battery With 15W Fast Charging,"6.5 Inches, 720 X 1560 Px Display With Water Drop Notch",13 MP + 8 MP + 5 MP Triple Rear & 8 MP Front Camera
Samsung Galaxy M21,"₹12,990",76,"Exynos 9611, Octa Core, 2.3 Ghz Processor","4 Gb Ram, 64 Gb Inbuilt",6000 Mah Battery With 15W Fast Charging,"6.4 Inches, 1080 X 2340 Px Display With Water Drop Notch",48 MP + 8 MP + 5 MP Triple Rear & 20 MP Front Camera
Xiaomi Mi A3 (6Gb Ram + 128Gb),"₹15,990",77,"Snapdragon  665, Octa Core, 2 Ghz Processor","6 Gb Ram, 128 Gb Inbuilt",4030 Mah Battery With 18W Fast Charging,"6.08 Inches, 720 X 1560 Px Display With Water Drop Notch",48 MP + 8 MP + 2 MP Triple Rear & 32 MP Front Camera
Realme 5 Pro (6Gb Ram + 64Gb),"₹15,490",78,"Snapdragon 712, Octa Core, 2.3 Ghz Processor","6 Gb Ram, 64 Gb Inbuilt",4035 Mah Battery With 20W Fast Charging,"6.3 Inches, 1080 X 2340 Px Display With Water Drop Notch",48 MP Quad Rear & 16 MP Front Camera
Realme 5 Pro,"₹13,990",74,"Snapdragon 712, Octa Core, 2.3 Ghz Processor","4 Gb Ram, 64 Gb Inbuilt",4035 Mah Battery With 20W Fast Charging,"6.3 Inches, 1080 X 2340 Px Display With Water Drop Notch",48 MP Quad Rear & 16 MP Front Camera
Realme 5,"₹9,499",68,"Snapdragon  665, Octa Core, 2 Ghz Processor","3 Gb Ram, 32 Gb Inbuilt",5000 Mah Battery,"6.5 Inches, 720 X 1600 Px Display With Water Drop Notch",12 MP Quad Rear & 13 MP Front Camera
Lenovo K10 Note,"₹14,999",73,"Snapdragon  710, Octa Core, 2.2 Ghz Processor","4 Gb Ram, 64 Gb Inbuilt",4050 Mah Battery With 18W Fast Charging,"6.3 Inches, 1080 X 2340 Px Display With Water Drop Notch",16 MP + 8 MP + 5 MP Triple Rear & 16 MP Front Camera
Samsung Galaxy A10S,"₹8,999",61,"Helio  P22, Octa Core, 2 Ghz Processor","2 Gb Ram, 32 Gb Inbuilt",4000 Mah Battery,"6.2 Inches, 720 X 1520 Px Display With Water Drop Notch",13 MP + 2 MP Dual Rear & 8 MP Front Camera
Xiaomi Redmi Note 7S (4Gb Ram + 64Gb),"₹10,500",71,"Qualcomm Snapdragon 660, Octa Core, 2.2 Ghz Processor","4 Gb Ram, 64 Gb Inbuilt",4000 Mah Battery With Fast Charging,"6.3 Inches, 1080 X 2340 Px Display With Water Drop Notch",48 MP + 5 MP Dual Rear & 13 MP Front Camera
Lava A3,"₹1,322",79,1 Mhz Processor,"4 Mb Ram, 3 Mb Inbuilt",1750 Mah Battery,"1.77 Inches, 128 X 160 Px Display",0.3 MP Rear Camera
Xiaomi Redmi Note 8,"₹12,990",74,"Snapdragon 665, Octa Core, 2 Ghz Processor","4 Gb Ram, 64 Gb Inbuilt",4000 Mah Battery With 18W Fast Charging,"6.3 Inches, 1080 X 2280 Px Display With Water Drop Notch",48 MP Quad Rear & 13 MP Front Camera
Oppo A1K,"₹7,999",79,"Helio P22, Octa Core, 2 Ghz Processor","2 Gb Ram, 32 Gb Inbuilt",4000 Mah Battery,"6.1 Inches, 720 X 1520 Px Display With Water Drop Notch",8 MP Rear & 5 MP Front Camera
Samsung Galaxy A70,"₹23,990",79,"Snapdragon 675, Octa Core, 2 Ghz Processor","6 Gb Ram, 128 Gb Inbuilt",4500 Mah Battery With 25W Fast Charging,"6.7 Inches, 1080 X 2400 Px Display With Water Drop Notch",32 MP + 8 MP + 5 MP Triple Rear & 32 MP Front Camera
Realme 3 (3Gb Ram + 32Gb),"₹9,490",60,"Helio P70, Octa Core, 2.1 Ghz Processor","3 Gb Ram, 32 Gb Inbuilt",4230 Mah Battery,"6.22 Inches, 1520 X 720 Px Display With Water Drop Notch",13 MP + 2 MP Dual Rear & 13 MP Front Camera
Samsung Galaxy M30 (6Gb Ram + 128Gb),"₹14,999",75,"Exynos  7904, Octa Core, 1.8 Ghz Processor","6 Gb Ram, 128 Gb Inbuilt",5000 Mah Battery With Fast Charging,"6.4 Inches, 1080 X 2340 Px Display With Water Drop Notch",13 MP + 5 MP + 5 MP Triple Rear & 16 MP Front Camera
Xiaomi Redmi Note 7,"₹11,390",70,"Qualcomm Snapdragon 660, Octa Core, 2.2 Ghz Processor","4 Gb Ram, 64 Gb Inbuilt",4000 Mah Battery With Fast Charging,"6.3 Inches, 2340 X 1080 Px Display With Water Drop Notch",12 MP + 2 MP Dual Rear & 13 MP Front Camera
Vivo Y95,"₹13,490",65,"Snapdragon 439, Octa Core, 1.95 Ghz Processor","4 Gb Ram, 64 Gb Inbuilt",4030 Mah Battery,"6.22 Inches, 1520 X 720 Px Display With Water Drop Notch",13 MP + 2 MP Dual Rear & 20 MP Front Camera
Infinix Note 5,"₹6,859",61,"Helio P23, Octa Core, 2.3 Ghz Processor","3 Gb Ram, 32 Gb Inbuilt",4500 Mah Battery,"5.99 Inches, 1080 X 2160 Px Display",12 MP Rear & 16 MP Front Camera
Xiaomi Poco F1 (8Gb Ram + 256Gb),"₹17,500",77,"Snapdragon 845, Octa Core, 2.8 Ghz Processor","8 Gb Ram, 256 Gb Inbuilt",4000 Mah Battery With Fast Charging,"6.18 Inches, 1080 X 2246 Px Display With Large Notch",12 MP + 5 MP Dual Rear & 20 MP Front Camera
Nokia 6.1 Plus,"₹12,999",67,"Qualcomm Snapdragon 636, Octa Core, 1.8 Ghz Processor","4 Gb Ram, 64 Gb Inbuilt",3060 Mah Battery With Fast Charging,"5.8 Inches, 1080 X 2280 Px Display With Small Notch",16 MP + 5 MP Dual Rear & 16 MP Front Camera
Oppo A3S,"₹8,990",79,"Snapdragon 450, Octa Core, 1.8 Ghz Processor","2 Gb Ram, 16 Gb Inbuilt",4230 Mah Battery,"6.2 Inches, 720 X 1520 Px Display With Small Notch",13 MP + 2 MP Dual Rear & 8 MP Front Camera
Vivo Y81,"₹8,700",79,"Helio P22, Octa Core, 2 Ghz Processor","3 Gb Ram, 32 Gb Inbuilt",3260 Mah Battery,"6.22 Inches, 1520 X 720 Px Display With Small Notch",13 MP Rear & 5 MP Front Camera
Xiaomi Redmi 6A,"₹6,690",79,"Helio A22, Quad Core, 2 Ghz Processor","2 Gb Ram, 16 Gb Inbuilt",3000 Mah Battery,"5.45 Inches, 1440 X 720 Px Display",13 MP Rear & 5 MP Front Camera
Vivo Y71 (4Gb Ram),"₹18,000",79,"Snapdragon 425, Quad Core, 1.4 Ghz Processor","4 Gb Ram, 32 Gb Inbuilt",3360 Mah Battery,"6 Inches, 720 X 1440 Px Display",13 MP Rear & 5 MP Front Camera
Vivo V9,"₹16,000",70,"Snapdragon 626, Octa Core, 2.2 Ghz Processor","4 Gb Ram, 64 Gb Inbuilt",3260 Mah Battery,"6.3 Inches, 2280 X 1080 Px Display With Small Notch",16 MP + 5 MP Dual Rear & 24 MP Front Camera
Xiaomi Redmi Note 5 Pro (6Gb Ram + 64Gb),"₹12,999",70,"Snapdragon 636, Octa Core, 1.8 Ghz Processor","6 Gb Ram, 64 Gb Inbuilt",4000 Mah Battery With Fast Charging,"5.99 Inches, 1080 X 2160 Px Display",12 MP + 5 MP Dual Rear & 20 MP Front Camera
Oppo F5,"₹14,990",68,"Helio P23, Octa Core, 2.5 Ghz Processor","6 Gb Ram, 64 Gb Inbuilt",3200 Mah Battery,"6 Inches, 1080 X 2160 Px Display",16 MP Rear & 20 MP Front Camera
Vivo V7,"₹13,990",63,"Snapdragon 450, Octa Core, 1.8 Ghz Processor","4 Gb Ram, 32 Gb Inbuilt",3000 Mah Battery,"5.7 Inches, 720 X 1440 Px Display",16 MP Rear & 24 MP Front Camera
Apple Iphone 8 Plus,"₹49,900",68,"Apple A11, Hexa Core, 2.39 Ghz Processor","3 Gb Ram, 64 Gb Inbuilt",2691 Mah Battery With Fast Charging,"5.5 Inches, 1080 X 1920 Px Display",12 MP + 12 MP Dual Rear & 7 MP Front Camera
Apple Iphone 8 Plus (256Gb),"₹84,900",69,"Apple A11, Hexa Core, 2.39 Ghz Processor","3 Gb Ram, 256 Gb Inbuilt",2691 Mah Battery With Fast Charging,"5.5 Inches, 1080 X 1920 Px Display",12 MP + 12 MP Dual Rear & 7 MP Front Camera
Apple Iphone 8 (256Gb),"₹77,000",62,"Apple A11, Hexa Core, 2.39 Ghz Processor","2 Gb Ram, 256 Gb Inbuilt",1821 Mah Battery With Fast Charging,"4.7 Inches, 750 X 1334 Px Display",12 MP Rear & 7 MP Front Camera
Samsung Galaxy On Nxt (64Gb),"₹8,990",79,"Exynos 7870, Octa Core, 1.6 Ghz Processor","3 Gb Ram, 64 Gb Inbuilt",3300 Mah Battery,"5.5 Inches, 1920 X 1080 Px Display",13 MP Rear & 8 MP Front Camera
Oppo F3,"₹14,990",62,"Helio Mt6750T, Octa Core, 1.5 Ghz Processor","4 Gb Ram, 64 Gb Inbuilt",3200 Mah Battery,"5.5 Inches, 1080 X 1920 Px Display",13 MP Rear & 16 MP + 8 MP Dual Front Camera
Xiaomi Redmi Note 4 (3Gb Ram+32Gb),"₹7,799",61,"Snapdragon 64-Bit, Octa Core, 2 Ghz Processor","3 Gb Ram, 32 Gb Inbuilt",4100 Mah Battery,"5.5 Inches, 1920 X 1080 Px Display",13 MP Rear & 5 MP Front Camera
Samsung Galaxy On8,"₹7,990",79,"Exynos 7580, Octa Core, 1.6 Ghz Processor","3 Gb Ram, 16 Gb Inbuilt",3300 Mah Battery,"5.5 Inches, 1920 X 1080 Px Display",13 MP Rear & 5 MP Front Camera
Vivo Y15S 2015,"₹7,070",79,"Helio Mt6580, Quad Core, 1.3 Ghz Processor","1 Gb Ram, 8 Gb Inbuilt",1900 Mah Battery,"4.5 Inches, 480 X 854 Px Display",5 MP Rear & 2 MP Front Camera
Samsung Galaxy J5,"₹7,990",79,"Snapdragon 410, Quad Core, 1.2 Ghz Processor","1.5 Gb Ram, 8 Gb Inbuilt",2600 Mah Battery,"5 Inches, 720 X 1280 Px Display",13 MP Rear & 5 MP Front Camera
Blackberry Passport,"₹23,999",61,"Snapdragon 801, Quad Core, 2.26 Ghz Processor","3 Gb Ram, 32 Gb Inbuilt",3450 Mah Battery,"4.5 Inches, 1440 X 1440 Px Display",13 MP Rear & 2 MP Front Camera
Iair D41 Pro,"₹1,199",79,1.2 Ghz Processor,"32 Mb Ram, 32 Mb Inbuilt",1200 Mah Battery,"2 Inches, 128 X 160 Px Display",0.8 MP Rear Camera
Iair D7 Mini,₹999,79,"Single Core, 1.4 Mhz Processor","32 Mb Ram, 32 Mb Inbuilt",1200 Mah Battery,"1.8 Inches, 128 X 160 Px Display",3 MP Rear Camera
Gfive Rose 12,₹889,79,100 Khz Processor,"32 Mb Ram, 32 Mb Inbuilt",800 Mah Battery,"0.66 Inches, 120 X 240 Px Display",No Rear Camera
Gfive Rose 11,₹889,79,100 Khz Processor,"32 Mb Ram, 32 Mb Inbuilt",800 Mah Battery,"0.66 Inches, 120 X 240 Px Display",No Rear Camera
Blackzone Waco,"₹1,699",79,512 Mhz Processor,"64 Mb Ram, 64 Mb Inbuilt",3000 Mah Battery,"2.8 Inches, 320 X 240 Px Display",0.3 MP Rear Camera
Blackzone S50,"₹1,399",79,512 Mhz Processor,"32 Mb Ram, 32 Mb Inbuilt",3000 Mah Battery,"2.4 Inches, 320 X 240 Px Display",0.3 MP Rear Camera
Ikall K11 Pro 4G,"₹1,899",79,500 Mhz Processor,"32 Mb Ram, 64 Mb Inbuilt",2000 Mah Battery,"2.5 Inches, 440 X 550 Px Display",0.4 MP Rear Camera
Greenberri A27,"₹1,299",79,1.2 Mhz Processor,"32 Mb Ram, 32 Mb Inbuilt",600 Mah Battery,"0.66 Inches, 128 X 160 Px Display",No Rear Camera
Good One A26,"₹1,299",79,1.2 Mhz Processor,"32 Mb Ram, 32 Mb Inbuilt",600 Mah Battery,"0.66 Inches, 128 X 160 Px Display",No Rear Camera
Lvix L1 2163,₹769,79,1.77 Mhz Processor,"16 Mb Ram, 32 Mb Inbuilt",1000 Mah Battery,"1.77 Inches, 176 X 220 Px Display",0.3 MP Rear Camera
Foneme Fm2 F5097,₹999,79,"512 Mb Ram, 512 Mb Inbuilt",2800 Mah Battery,"2.4 Inches, 320 X 480 Px Display",0.3 Mp Rear Camera,"Memory Card Supported, upto 32 GB"
Foneme Fm2 F5092,₹999,79,"512 Mb Ram, 512 Mb Inbuilt",2800 Mah Battery,"2.4 Inches, 320 X 480 Px Display",0.3 Mp Rear Camera,"Memory Card Supported, upto 32 GB"
Callbar C63 310,₹625,79,"Single Core, 1.77 Ghz Processor","8 Mb Ram, 16 Mb Inbuilt",1000 Mah Battery,"1.8 Inches, 120 X 240 Px Display",0.3 MP Rear Camera
Ringme Shine,₹899,79,100 Khz Processor,"32 Mb Ram, 32 Mb Inbuilt",3000 Mah Battery,"2.4 Inches, 240 X 320 Px Display",0.3 MP Rear Camera
Gfive Rose 114,₹999,79,1.2 Mhz Processor,"32 Mb Ram, 32 Mb Inbuilt",800 Mah Battery,"1.8 Inches, 320 X 480 Px Display",0.3 MP Rear Camera
Foneme Fm2 F988,"₹1,099",79,1.2 Ghz Processor,"512 Mb Ram, 512 Mb Inbuilt",2800 Mah Battery,"2.4 Inches, 320 X 480 Px Display",0.3 MP Rear Camera
Callbar A35S 312,₹625,79,"Single Core, 1.77 Ghz Processor","8 Mb Ram, 16 Mb Inbuilt",1000 Mah Battery,"1.8 Inches, 120 X 240 Px Display",0.3 MP Rear Camera
Ringme Ninja,₹899,79,100 Khz Processor,"32 Mb Ram, 32 Mb Inbuilt",3000 Mah Battery,"2.4 Inches, 240 X 320 Px Display",0.3 MP Rear Camera
Ringme Duke,₹770,79,100 Khz Processor,"32 Mb Ram, 32 Mb Inbuilt",3000 Mah Battery,"1.8 Inches, 240 X 320 Px Display",0.3 MP Rear Camera
Ringme Royal,₹770,79,100 Khz Processor,"32 Mb Ram, 32 Mb Inbuilt",3000 Mah Battery,"1.8 Inches, 240 X 320 Px Display",0.3 MP Rear Camera
Snexian Bold 90,₹899,79,"32 Mb Ram, 32 Mb Inbuilt",2500 Mah Battery,"1.8 Inches, 128 X 160 Px Display",0.3 Mp Rear Camera,"Memory Card Supported, upto 16 GB"
Snexian Bold 70 Pro,₹899,79,"32 Mb Ram, 32 Mb Inbuilt",2500 Mah Battery,"1.8 Inches, 128 X 160 Px Display",0.3 Mp Rear Camera,"Memory Card Supported, upto 16 GB"
Snexian Bold 60 Pro,₹899,79,"32 Mb Ram, 32 Mb Inbuilt",2500 Mah Battery,"1.8 Inches, 128 X 160 Px Display",0.3 Mp Rear Camera,"Memory Card Supported, upto 16 GB"
Ringme 2153,₹699,79,100 Khz Processor,"32 Mb Ram, 32 Mb Inbuilt",1000 Mah Battery,"1.8 Inches, 240 X 320 Px Display",0.3 MP Rear Camera
Ringme 2163,₹599,79,100 Khz Processor,"32 Mb Ram, 32 Mb Inbuilt",1000 Mah Battery,"1.8 Inches, 240 X 320 Px Display",0.3 MP Rear Camera
Saregama Carvaan Mobile Don Lite M14 Hindi,"₹1,599",79,Mtk,"32 Mb Ram, 600 Mb Inbuilt",800 Mah Battery,"1.8 Inches, 128 X 160 Px Display",0.3 MP Rear Camera
Gfive Rose 10,₹889,79,100 Khz Processor,"32 Mb Ram, 32 Mb Inbuilt",800 Mah Battery,"0.66 Inches, 120 X 240 Px Display",No Rear Camera
Snexian Bold 80,₹899,79,"32 Mb Ram, 32 Mb Inbuilt",2500 Mah Battery,"1.8 Inches, 128 X 160 Px Display",0.3 Mp Rear Camera,"Memory Card Supported, upto 16 GB"
Lvix Power 5,₹799,79,1.77 Mhz Processor,"16 Mb Ram, 32 Mb Inbuilt",2500 Mah Battery,"1.77 Inches, 176 X 220 Px Display",0.3 MP Rear Camera
Foneme Fm2 F115,₹899,79,1.2 Ghz Processor,"512 Mb Ram, 512 Mb Inbuilt",600 Mah Battery,"1.44 Inches, 160 X 120 Px Display",0.3 MP Rear Camera
Foneme Fm2 F33,₹899,79,No Wifi,1.2 Ghz Processor,"512 Mb Ram, 512 Mb Inbuilt",600 Mah Battery,"1.44 inches, 160 x 120 px Display"
Foneme Fm2 Mini 30,₹899,79,1.2 Ghz Processor,"512 Mb Ram, 512 Mb Inbuilt",600 Mah Battery,"0.66 Inches, 160 X 120 Px Display",No Rear Camera
Foneme Fm2 Mini 20,₹899,79,1.2 Ghz Processor,"512 Mb Ram, 512 Mb Inbuilt",600 Mah Battery,"0.66 Inches, 160 X 120 Px Display",No Rear Camera
Hotline Classic Pro,₹649,79,"32 Mb Ram, 32 Mb Inbuilt",1000 Mah Battery,"1.77 Inches, 120 X 240 Px Display",1.3 Mp Rear Camera,Memory Card Supported
Blackzone C88,"₹1,299",79,512 Mhz Processor,"64 Mb Ram, 64 Mb Inbuilt",2500 Mah Battery,"1.77 Inches, 120 X 160 Px Display",0.3 MP Rear Camera
Lvix Power 4,₹799,79,1.77 Mhz Processor,"16 Mb Ram, 32 Mb Inbuilt",2500 Mah Battery,"1.77 Inches, 176 X 220 Px Display",0.3 MP Rear Camera
Lvix L1 Ice 3,₹699,79,1.77 Mhz Processor,"16 Mb Ram, 32 Mb Inbuilt",1000 Mah Battery,"1.77 Inches, 176 X 220 Px Display",0.3 MP Rear Camera
Foneme Fm2 F1701,₹649,79,1.2 Ghz Processor,"512 Mb Ram, 512 Mb Inbuilt",1000 Mah Battery,"1.8 Inches, 160 X 120 Px Display",0.3 MP Rear Camera
Foneme Fm2 F2176,₹649,79,1.2 Ghz Processor,"512 Mb Ram, 512 Mb Inbuilt",1000 Mah Battery,"1.8 Inches, 160 X 120 Px Display",0.3 MP Rear Camera
Foneme Fm2 F310,₹649,79,No Wifi,1.2 Ghz Processor,"512 Mb Ram, 512 Mb Inbuilt",1000 Mah Battery,"1.8 inches, 160 x 120 px Display"
Foneme Fm2 F312,₹649,79,No Wifi,1.2 Ghz Processor,"512 Mb Ram, 512 Mb Inbuilt",1000 Mah Battery,"1.8 inches, 160 x 120 px Display"
Xiaomi Redmi A2 Plus ( 2Gb Ram + 32Gb),"₹8,290",62,"Helio G36, Octa Core, 2.2 Ghz Processor","2 Gb Ram, 32 Gb Inbuilt",5000 Mah Battery With 10W Fast Charging,"6.52 Inches, 720 X 1600 Px Display With Water Drop Notch",8 MP + 0.08 MP Dual Rear & 5 MP Front Camera
Karbonn K9 Jumbo,"₹1,350",79,900 Mhz Processor,"16 Mb Ram, 16 Mb Inbuilt",1800 Mah Battery,"2.4 Inches, 240 X 320 Px Display",2 MP Rear Camera
Hotline Classic V66,₹649,79,"32 Mb Ram, 32 Mb Inbuilt",1000 Mah Battery,"1.77 Inches, 120 X 240 Px Display",1.3 Mp Rear Camera,Memory Card Supported
Hotline Classic 312I,₹649,79,"32 Mb Ram, 32 Mb Inbuilt",1000 Mah Battery,"1.77 Inches, 120 X 240 Px Display",1.3 Mp Rear Camera,Memory Card Supported
Jmax Classic,"₹1,299",79,225 Mhz Processor,"32 Mb Ram, 32 Mb Inbuilt",2500 Mah Battery,"2.4 Inches, 380 X 420 Px Display",1.3 MP Rear Camera
Mtr Orchid,₹749,79,256 Mhz Processor,"32 Mb Ram, 32 Mb Inbuilt",1100 Mah Battery,"1.77 Inches, 120 X 240 Px Display",0.3 MP Rear Camera
Snexian Bold Slim 2,"₹1,149",79,No Wifi,3000 Mah Battery,"2.4 Inches, 240 X 320 Px Display",No Rear Camera,"Memory Card Supported, upto 16 GB"
Gfive Rose 999,₹999,79,"32 Mb Ram, 16 Mb Inbuilt",3000 Mah Battery,"2.4 Inches, 128 X 160 Px Display",0.3 Mp Rear Camera,Memory Card Supported
Saregama Carvaan M21 Kannda,"₹2,490",79,Mtk,"32 Mb Ram, 2 Gb Inbuilt",2500 Mah Battery,2.4 Inches Display,Main Rear Camera
Gfive A2 New,₹699,79,1.2 Mhz Processor,"32 Mb Ram, 32 Mb Inbuilt",1000 Mah Battery,"1.8 Inches, 320 X 480 Px Display",0.3 MP Rear Camera
Jmax Ultra,₹849,79,225 Mhz Processor,"32 Mb Ram, 32 Mb Inbuilt",1150 Mah Battery,"1.8 Inches, 380 X 420 Px Display",1.3 MP Rear Camera
Lvix L1 Josh,₹949,79,1.77 Mhz Processor,"16 Mb Ram, 32 Mb Inbuilt",3000 Mah Battery,"2.4 Inches, 320 X 240 Px Display",0.3 MP Rear Camera
Mtr Erica,₹749,79,256 Mhz Processor,"32 Mb Ram, 32 Mb Inbuilt",1100 Mah Battery,"1.77 Inches, 120 X 240 Px Display",0.3 MP Rear Camera
Gfive Classic New,₹698,79,770 Khz Processor,"32 Mb Ram, 16 Mb Inbuilt",1050 Mah Battery,"1.8 Inches, 128 X 160 Px Display",0.3 MP Rear Camera
Gfive Guru Plus New,₹695,79,770 Khz Processor,"32 Mb Ram, 16 Mb Inbuilt",1050 Mah Battery,"1.8 Inches, 128 X 160 Px Display",0.3 MP Rear Camera
Jmax Bright,₹849,79,225 Mhz Processor,"32 Mb Ram, 32 Mb Inbuilt",1150 Mah Battery,"1.8 Inches, 340 X 420 Px Display",1.3 MP Rear Camera
Ikall K777 New,₹799,79,"32 Mb Ram, 64 Mb Inbuilt",1500 Mah Battery,"1.8 Inches, 176 X 220 Px Display",0.3 Mp Rear Camera,"Memory Card Supported, upto 8 GB"
Benco C1,"₹1,049",79,32 Khz Processor,"32 Mb Ram, 32 Mb Inbuilt",1000 Mah Battery,"1.8 Inches, 160 X 128 Px Display",0.2 MP Rear Camera
Ikall S1 Prime,"₹9,499",66,"Unisoc, Quad Core, 1.6 Ghz Processor","6 Gb Ram, 128 Gb Inbuilt",6000 Mah Battery,"6.8 Inches, 720 X 1600 Px Display With Punch Hole",13 MP + 5 MP + 2 MP Triple Rear & 8 MP Front Camera
Lvix L1 Bullet,₹949,79,1.77 Mhz Processor,"16 Mb Ram, 32 Mb Inbuilt",3000 Mah Battery,"2.4 Inches, 320 X 240 Px Display",0.3 MP Rear Camera
Lvix Mini 2,₹949,79,1.77 Mhz Processor,"16 Mb Ram, 32 Mb Inbuilt",1000 Mah Battery,"0.66 Inches, 176 X 220 Px Display",0.3 MP Rear Camera
Mtr F1,"₹1,200",79,1.41 Mhz Processor,"32 Mb Ram, 32 Mb Inbuilt",1100 Mah Battery,"1.77 Inches, 120 X 240 Px Display",0.3 MP Rear Camera
Gfive Rock New,₹695,79,770 Khz Processor,"12 Mb Ram, 32 Mb Inbuilt",1050 Mah Battery,"1.8 Inches, 160 X 128 Px Display",0.3 MP Rear Camera
Greenberri Creta,"₹1,299",79,1.2 Mhz Processor,"32 Mb Ram, 32 Mb Inbuilt",2500 Mah Battery With Fast Charging,"2.4 Inches, 320 X 240 Px Display",2 MP Rear Camera
Good One Bullet,"₹1,299",79,1.2 Mhz Processor,"32 Mb Ram, 32 Mb Inbuilt",2500 Mah Battery,"2.4 Inches, 320 X 240 Px Display",2 MP Rear Camera
Blackzone S30,"₹1,299",79,512 Mhz Processor,"32 Mb Ram, 32 Mb Inbuilt",3000 Mah Battery,"2.4 Inches, 320 X 240 Px Display",0.3 MP Rear Camera
Lvix L1 Amaze,"₹1,090",79,No Wifi,1.77 Mhz Processor,"16 Mb Ram, 32 Gb Inbuilt",3000 Mah Battery,"2.4 inches, 168 x 260 px Display"
Saregama Carvaan M21 Kannada,"₹2,490",79,Mtk,"32 Mb Ram, 2 Gb Inbuilt",2500 Mah Battery,2.4 Inches Display,Main Rear Camera
Ikall Z19 Prime Plus,"₹8,349",79,1.6 Ghz Processor,"6 Gb Ram, 128 Gb Inbuilt",5000 Mah Battery,"6.5 Inches, 720 X 1600 Px Display With Water Drop Notch",13 MP Rear & 8 MP Front Camera
Saregama Carvaan Don Lite M23 Bhakti,"₹1,899",79,Mtk,"32 Mb Ram, 600 Mb Inbuilt",1400 Mah Battery,2.4 Inches Display,Main Rear Camera
Mtr Army,"₹1,250",79,256 Mhz Processor,"32 Mb Ram, 32 Mb Inbuilt",1100 Mah Battery,"2.4 Inches, 120 X 240 Px Display",Dual Display
Ikall Z20 (4Gb Ram + 64Gb),"₹7,314",60,"Quad Core, 1.4 Ghz Processor","4 Gb Ram, 64 Gb Inbuilt",5000 Mah Battery,"6.82 Inches, 720 X 1600 Px Display With Punch Hole",13 MP Rear & 8 MP Front Camera
Karbonn K102I,₹949,79,"52 Mb Ram, 32 Mb Inbuilt",1000 Mah Battery,"1.8 Inches, 128 X 160 Px Display",No Rear Camera,"Memory Card Supported, upto 16 GB"
Snexian Bold Slim 1,"₹1,149",79,No Wifi,"32 Mb Ram, 32 Mb Inbuilt",2500 Mah Battery,"2.8 Inches, 240 X 320 Px Display",No Rear Camera
